date,open,high,low,close,adj_close
2017-12-29,98.14,98.43,96.71,96.71,96.71
2017-12-28,98.19,98.39,97.5175,97.79,97.79
2017-12-27,97.73,98.23,97.44,98.09,98.09
2017-12-26,98.15,98.36,97.05,97.75,97.75
2017-12-22,98.07,98.69,97.71,98.21,98.21
2017-12-21,98.02,98.3523,97.72,97.91,97.91
2017-12-20,97.89,98.9,97.22,97.41,97.41
2017-12-19,98.5,98.55,97.7,97.92,97.92
2017-12-18,97.87,99.1,97.55,98.19,98.19
2017-12-15,97.06,97.88,96.64,97.45,97.45
2017-12-14,97.345,97.44,95.65,96.3,96.3
2017-12-13,96.6,98.87,96.6,97.35,97.35
2017-12-12,96.62,96.69,94.76,96.3,96.3
2017-12-11,95.88,97.31,95.77,96.47,96.47
2017-12-08,94.62,96.54,94.62,95.95,95.95
2017-12-07,94.4,94.57,92.9,94.24,94.24
2017-12-06,95.7,95.79,93.47,94.4,94.4
2017-12-05,95.45,96.72,95.0,95.41,95.41
2017-12-04,96.37,96.65,94.65,95.22,95.22
2017-12-01,97.19,98.52,94.3,96.32,96.32
2017-11-30,96.36,97.53,96.21,96.92,96.92
2017-11-29,95.76,96.35,95.03,95.82,95.82
2017-11-28,95.94,96.89,94.83,95.42,95.42
2017-11-27,94.69,95.63,94.44,95.42,95.42
2017-11-24,94.0,94.97,93.55,94.72,94.72
2017-11-22,94.69,95.4,94.22,94.47,94.47
2017-11-21,93.7,95.4,93.6,94.68,94.68
2017-11-20,93.92,94.31,92.89,93.6,93.6
2017-11-17,93.8,94.49,93.57,93.61,93.61
2017-11-16,94.44,95.165,93.28,94.47,94.47
2017-11-15,94.63,94.7,92.715,93.76,93.76
2017-11-14,94.64,94.91,93.1179,94.75,94.75
2017-11-13,95.37,95.42,94.0383,95.12,95.12
2017-11-10,95.35,95.9399,93.56,95.43,95.43
2017-11-09,95.29,96.37,95.26,95.89,95.89
2017-11-07,92.98,95.68,92.96,93.96,93.96
2017-11-03,91.3,92.555,90.91,92.31,92.31
2017-11-02,92.08,92.34,90.19,91.02,91.02
2017-11-01,90.78,93.34,90.27,92.44,92.44
2017-10-31,90.88,91.82,90.04,90.25,90.25
2017-10-30,91.7,92.06,88.91,90.96,90.96
2017-10-27,92.7,94.97,90.75,91.93,91.93
2017-10-26,91.86,91.86,85.24,89.56,89.56
2017-10-25,91.78,92.08,90.73,91.79,91.79
2017-10-24,94.0,94.14,90.77,91.69,91.69
2017-10-23,95.93,96.0,94.45,94.51,94.51
2017-10-20,96.78,98.26,94.89,96.1,96.1
2017-10-19,95.5,96.62,94.51,96.48,96.48
2017-10-18,92.35,96.44,92.2044,96.04,96.04
2017-10-17,91.09,92.78,90.9501,92.17,92.17
2017-10-16,91.01,91.99,90.56,91.04,91.04
2017-10-13,91.41,91.85,90.54,90.67,90.67
2017-10-12,91.77,91.99,90.91,91.42,91.42
2017-10-11,91.47,92.61,90.97,92.38,91.737775363893
2017-10-10,90.71,91.22,89.7,91.17,90.536187269172
2017-10-09,90.57,91.19,90.1514,90.78,90.148898544428
2017-10-06,90.2,91.33,89.95,90.49,89.860914620899
2017-10-05,89.69,90.56,89.48,90.18,89.553069737128
2017-10-04,89.52,90.44,89.305,89.9,89.275016293721
2017-10-03,90.44,90.64,89.02,89.7,89.076406691288
2017-10-02,89.74,90.41,88.91,90.39,89.761609819683
2017-09-29,88.69,89.35,87.67,88.86,88.242246361069
2017-09-28,86.67,90.95,86.38,88.96,88.341551162285
2017-09-27,85.35,85.3919,83.19,84.75,84.160819031067
2017-09-26,86.35,86.91,85.161,85.35,84.756647838366
2017-09-25,86.92,87.78,86.4,86.57,85.968166413209
2017-09-22,87.22,87.75,86.77,87.48,86.87184010428
2017-09-21,87.36,87.7,86.67,87.41,86.802326743428
2017-09-20,86.4,87.475,86.25,87.41,86.802326743428
2017-09-19,85.54,86.66,85.38,86.37,85.769556810776
2017-09-18,87.47,87.81,85.075,85.32,84.726856398001
2017-09-15,89.39,89.69,86.52,87.37,86.762604822942
2017-09-14,88.23,89.32,88.15,89.22,88.599743645449
2017-09-13,87.58,88.84,87.416,88.47,87.854957636324
2017-09-12,86.97,87.97,86.5,87.75,87.139963067565
2017-09-11,84.46,87.1,84.38,87.0,86.39517705844
2017-09-08,81.29,86.09,81.11,85.34,84.746717358245
2017-09-07,77.29,82.45,77.0,81.78,81.211466434934
2017-09-06,75.61,77.455,75.35,77.05,76.514349337389
2017-09-05,75.39,75.58,74.73,75.25,74.72686291549
2017-09-01,75.59,76.0,75.26,75.42,74.895681077558
2017-08-31,74.11,75.4,73.9201,75.3,74.776515316098
2017-08-30,73.621,74.18,73.58,73.92,73.406109059309
2017-08-29,72.78,73.9,72.78,73.89,73.376317618944
2017-08-28,72.67,73.57,72.56,73.32,72.81028025201
2017-08-25,72.22,72.78,72.21,72.48,71.97611992179
2017-08-24,71.72,72.31,71.4,72.11,71.608692157289
2017-08-23,71.29,71.9,71.27,71.52,71.022793830111
2017-08-22,70.91,71.88,70.76,71.75,71.251194872909
2017-08-21,69.92,70.825,69.91,70.7,70.208494460135
2017-08-18,69.52,70.4401,69.47,69.96,69.473638931132
2017-08-17,70.6,70.68,69.83,69.85,69.364403649794
2017-08-16,70.49,70.75,70.105,70.42,69.930441016728
2017-08-15,71.08,71.14,70.2801,70.34,69.850997175755
2017-08-14,71.23,71.29,70.7,70.82,70.327660221595
2017-08-11,70.74,71.01,70.43,70.63,70.138981099283
2017-08-10,72.01,72.19,70.39,70.44,69.950301976972
2017-08-09,71.26,72.14,71.0999,72.02,71.519317836194
2017-08-08,71.33,71.91,71.01,71.47,70.973141429502
2017-08-07,70.94,71.23,70.64,71.22,70.724879426461
2017-08-04,71.17,71.37,70.35,70.99,70.496478383663
2017-08-03,70.61,71.01,70.36,70.99,70.496478383663
2017-08-02,70.25,70.74,69.93,70.71,70.218424940256
2017-08-01,70.03,70.84,69.85,70.38,69.890719096242
2017-07-31,70.52,70.58,69.83,69.91,69.423986530524
2017-07-28,71.64,72.44,69.38,70.44,69.950301976972
2017-07-27,72.78,72.8017,70.88,71.73,71.231333912666
2017-07-26,72.37,72.6896,71.95,72.59,72.085355203128
2017-07-25,74.4,74.55,72.47,72.52,72.015841842277
2017-07-24,74.63,74.75,73.8375,73.91,73.396178579187
2017-07-21,73.98,75.04,73.85,74.63,74.111173147947
2017-07-20,72.99,74.22,72.945,74.01,73.495483380404
2017-07-19,72.48,72.77,72.02,72.77,72.264103845318
2017-07-18,72.63,72.86,71.75,72.23,71.727857918749
2017-07-17,73.1,73.47,72.69,72.7,72.194590484467
2017-07-14,72.62,73.23,72.51,73.11,72.601740169455
2017-07-13,71.94,72.895,71.67,72.63,72.125077123615
2017-07-12,71.51,72.13,71.3,71.88,71.380291114491
2017-07-11,71.89,72.17,71.33,71.84,70.710977849766
2017-07-10,71.8,72.225,71.5789,71.83,70.701135007637
2017-07-07,72.11,72.11,71.63,72.03,70.897991850203
2017-07-06,72.24,72.45,71.41,71.73,70.602706586354
2017-07-05,72.48,72.74,71.99,72.48,71.340919745977
2017-07-03,72.76,72.99,72.37,72.42,71.281862693207
2017-06-30,72.57,72.82,72.21,72.51,71.370448272362
2017-06-29,73.15,73.17,71.91,72.48,71.340919745977
2017-06-28,72.72,73.54,72.58,72.92,71.774004799623
2017-06-27,72.7,73.06,72.25,72.39,71.252334166823
2017-06-26,72.79,72.945,72.41,72.74,71.596833641313
2017-06-23,73.2,73.49,72.26,72.64,71.49840522003
2017-06-22,71.49,73.67,71.41,73.18,72.029918694959
2017-06-21,71.11,71.7,71.05,71.34,70.21883574335
2017-06-20,71.44,71.81,71.16,71.22,70.10072163781
2017-06-19,71.11,71.59,70.94,71.34,70.21883574335
2017-06-16,70.8,71.12,70.49,71.05,69.933393321629
2017-06-15,70.341,70.65,69.88,70.6,69.490465425855
2017-06-14,69.48,70.79,69.37,70.52,69.411722688829
2017-06-13,69.62,70.03,69.42,69.67,68.575081107923
2017-06-12,69.79,69.9,68.89,69.53,68.437281318126
2017-06-09,68.8,69.83,68.7201,69.67,68.575081107923
2017-06-08,68.67,69.05,68.335,68.76,67.679382474247
2017-06-07,68.01,69.32,68.01,68.75,67.669539632118
2017-06-06,67.48,68.095,67.37,67.87,66.803369524827
2017-06-05,67.25,67.86,66.88,67.51,66.449027208208
2017-06-02,66.809,67.31,66.62,67.25,66.193113312872
2017-06-01,66.255,66.725,66.12,66.71,65.661599837944
2017-05-31,66.24,66.41,65.61,66.02,64.98244373109
2017-05-30,65.89,66.2,65.81,66.02,64.98244373109
2017-05-26,66.14,66.41,65.851,66.06,65.021815099604
2017-05-25,66.06,66.57,65.8,66.32,65.277728994939
2017-05-24,65.79,66.12,65.57,65.93,64.893858151935
2017-05-23,65.44,66.26,65.43,65.84,64.805272572781
2017-05-22,65.55,65.619,64.8,65.44,64.411558887648
2017-05-19,65.74,66.01,65.31,65.58,64.549358677445
2017-05-18,65.37,66.1,65.2,65.63,64.598572888086
2017-05-17,64.98,66.34,64.61,65.37,64.34265899275
2017-05-16,66.73,66.92,66.33,66.85,65.79939962774
2017-05-15,66.07,66.85,65.95,66.67,65.62222846943
2017-05-12,65.27,66.19,65.21,66.06,65.021815099604
2017-05-11,65.9,65.96,64.655,65.3,64.273759097852
2017-05-10,66.16,66.23,65.36,65.98,64.943072362577
2017-05-09,66.2,66.95,65.86,66.17,65.130086363015
2017-05-08,66.94,66.95,66.14,66.21,65.169457731528
2017-05-05,67.19,67.22,66.3246,66.99,65.937199417536
2017-05-04,66.74,67.4,66.62,67.23,66.173427628616
2017-05-03,66.45,66.88,66.21,66.74,65.691128364328
2017-05-02,66.51,66.68,66.18,66.63,65.582857100917
2017-05-01,66.0,66.665,65.94,66.48,65.435214468992
2017-04-28,66.06,66.32,65.441,65.94,64.903700994064
2017-04-27,65.45,67.5,65.12,66.07,65.031657941732
2017-04-26,65.19,65.92,65.02,65.04,64.017845202516
2017-04-25,64.94,65.63,64.82,65.11,64.086745097414
2017-04-24,64.4,65.16,64.26,64.66,63.64381720164
2017-04-21,63.76,64.29,63.547,63.82,62.817018462862
2017-04-20,63.72,64.0,63.29,63.78,62.777647094349
2017-04-19,63.9,63.93,63.31,63.45,62.452833304115
2017-04-18,64.03,64.0799,63.1153,63.65,62.649690146681
2017-04-17,64.79,64.9701,64.06,64.31,63.29931772715
2017-04-13,64.24,64.725,64.085,64.13,63.12214656884
2017-04-12,64.17,64.41,63.67,64.37,63.358374779919
2017-04-11,64.43,64.43,63.32,64.18,63.171360779482
2017-04-10,65.5,65.7757,64.91,64.97,63.317545662495
2017-04-07,65.06,65.93,64.83,65.54,63.873048217945
2017-04-06,65.03,65.195,64.65,65.08,63.424747910038
2017-04-05,65.23,65.76,64.86,64.96,63.307800003627
2017-04-04,65.12,65.295,64.83,65.11,63.453984886641
2017-04-03,65.24,65.59,64.88,65.03,63.3760196157
2017-03-31,65.46,65.52,65.15,65.16,63.502713180978
2017-03-30,65.76,65.82,65.25,65.46,63.795082947005
2017-03-29,65.95,66.27,65.68,65.77,64.097198371899
2017-03-28,65.96,66.21,65.6364,65.98,64.301857208118
2017-03-27,65.37,66.275,65.24,66.1,64.418805114528
2017-03-24,65.51,66.115,65.32,65.62,63.951013488886
2017-03-23,65.52,66.065,65.36,65.65,63.980250465489
2017-03-22,65.38,65.73,65.1,65.52,63.85355690021
2017-03-21,65.96,66.0,65.04,65.35,63.687880699462
2017-03-20,65.78,66.01,65.56,65.8,64.126435348502
2017-03-17,66.04,66.09,65.5,65.69,64.019233100959
2017-03-16,66.4,66.45,65.55,65.9,64.223891937177
2017-03-15,65.7,66.79,65.68,66.55,64.857359763568
2017-03-14,65.88,66.05,65.6,65.67,63.999741783224
2017-03-13,65.87,65.94,65.3,65.85,64.17516364284
2017-03-10,65.3,66.45,65.11,65.88,64.204400619442
2017-03-09,64.14,64.72,64.05,64.5,62.85949969572
2017-03-08,63.75,64.675,63.5,64.14,62.508655976488
2017-03-07,63.14,64.14,62.97,63.69,62.070101327448
2017-03-06,63.0,63.85,62.88,63.55,61.933662103302
2017-03-03,63.11,63.53,62.83,63.34,61.729003267084
2017-03-02,62.78,63.599,62.6,63.25,61.641292337276
2017-03-01,62.16,62.93,61.95,62.83,61.231974664838
2017-02-28,62.11,62.4,61.69,61.84,60.267154436951
2017-02-27,62.02,62.37,61.68,62.22,60.637489473918
2017-02-24,61.92,62.23,61.49,62.09,60.510795908639
2017-02-23,61.68,62.2353,61.45,61.94,60.364611025626
2017-02-22,61.72,61.95,61.3,61.36,59.799362811308
2017-02-21,61.84,62.11,61.5,61.83,60.257408778083
2017-02-17,61.54,62.08,61.17,61.77,60.198934824878
2017-02-16,61.67,61.91,60.81,61.48,59.916310717719
2017-02-15,60.92,61.84,60.4,61.65,60.081986918467
2017-02-14,60.44,60.98,60.15,60.82,59.27309723246
2017-02-13,60.58,60.859,60.4344,60.51,58.970981807566
2017-02-10,60.85,61.0,60.27,60.42,58.883270877758
2017-02-09,60.74,61.0,60.42,60.84,59.292588550195
2017-02-08,60.14,61.02,60.05,60.52,58.980727466434
2017-02-07,60.65,60.87,60.4,60.56,59.019710101904
2017-02-06,60.51,60.965,60.35,60.65,59.107421031712
2017-02-03,60.9,61.06,60.44,60.67,59.126912349447
2017-02-02,60.65,61.12,60.48,60.89,59.341316844533
2017-02-01,61.07,61.1,60.27,60.89,59.341316844533
2017-01-31,60.01,61.315,59.75,61.11,59.555721339619
2017-01-30,59.91,60.47,59.27,60.43,58.893016536626
2017-01-27,60.0,61.25,59.52,60.0,58.473953205321
2017-01-26,61.16,61.9,61.07,61.27,59.7116518815
2017-01-25,60.6,61.63,60.34,61.38,59.818854129043
2017-01-24,60.91,60.93,59.67,60.58,59.039201419639
2017-01-23,61.02,61.26,60.68,60.96,59.409536456606
2017-01-20,61.41,61.77,61.08,61.15,59.594703975089
2017-01-19,61.45,61.88,61.1201,61.38,59.818854129043
2017-01-18,61.76,62.14,61.315,61.66,60.091732577335
2017-01-17,61.75,62.04,61.1,61.86,60.286645754686
2017-01-13,61.35,62.41,61.05,61.99,60.413339319964
2017-01-12,60.77,61.43,60.42,61.28,59.721397540368
2017-01-11,63.38,63.645,60.59,61.14,59.584958316222
2017-01-10,64.05,64.5,63.77,64.07,61.793594679837
2017-01-09,63.8,64.38,63.75,64.21,61.928620483726
2017-01-06,63.881,64.0,63.52,63.79,61.523543072059
2017-01-05,63.38,63.95,63.03,63.77,61.504253671503
2017-01-04,62.64,63.7999,62.64,63.29,61.041308058169
2017-01-03,62.92,63.03,61.935,62.41,60.192574433723
2016-12-30,62.729,62.93,62.41,62.62,60.395113139557
2016-12-29,62.39,63.06,62.39,62.73,60.501204842612
2016-12-28,62.51,62.75,62.25,62.27,60.057548629834
2016-12-27,62.52,63.015,62.41,62.5,60.279376736223
2016-12-23,61.78,62.395,61.47,62.34,60.125061531778
2016-12-22,61.58,61.92,61.35,61.66,59.469221912888
2016-12-21,62.225,62.41,61.43,61.45,59.266683207055
2016-12-20,62.34,62.71,61.75,62.16,59.951456926778
2016-12-19,62.37,63.33,62.12,62.22,60.009325128445
2016-12-16,62.12,62.49,61.83,62.22,60.009325128445
2016-12-15,61.8,62.111,61.55,62.02,59.816431122889
2016-12-14,61.55,62.3,61.51,61.67,59.478866613166
2016-12-13,62.33,62.44,61.36,61.99,59.787497022056
2016-12-12,61.53,62.45,61.51,62.04,59.835720523445
2016-12-09,61.19,61.925,60.92,61.54,59.353485509555
2016-12-08,60.02,60.98,59.09,60.9,58.736224691776
2016-12-07,60.26,60.65,58.8,59.99,57.858556966496
2016-12-06,60.76,61.72,60.33,61.62,59.430643111777
2016-12-05,59.6,61.22,59.57,60.86,58.697645890665
2016-12-02,59.19,60.0,58.95,59.43,57.31845375094
2016-12-01,60.83,60.83,58.75,59.16,57.058046843439
2016-11-30,61.63,61.84,60.63,60.8,58.639777688998
2016-11-29,59.7,62.1,59.52,61.59,59.401709010944
2016-11-28,59.13,59.94,59.01,59.46,57.347387851773
2016-11-25,60.04,60.67,59.67,60.51,58.360081380942
2016-11-23,58.81,60.38,58.6,60.18,58.041806271775
2016-11-22,60.49,60.56,58.61,58.93,56.83621873705
2016-11-21,60.7,60.8,60.2,60.42,58.273279078442
2016-11-18,61.65,62.1426,60.39,60.52,58.36972608122
2016-11-17,61.75,61.99,61.13,61.7,59.507800714
2016-11-16,62.67,62.97,61.42,61.54,59.353485509555
2016-11-15,63.39,63.39,61.98,62.87,60.636230646502
2016-11-14,63.4,63.64,62.251,62.97,60.73267764928
2016-11-11,63.54,63.85,62.79,63.1,60.858058752891
2016-11-10,63.06,65.05,62.79,64.0,61.726081777893
2016-11-09,64.1,64.695,60.41,62.64,60.414402540112
2016-11-08,58.8,59.605,58.0316,58.81,56.720482333717
2016-11-07,56.81,61.16,56.635,58.91,56.816929336495
2016-11-04,56.07,56.87,55.87,56.04,54.048900356767
2016-11-03,57.12,57.288,55.85,55.89,53.9042298526
2016-11-02,56.46,57.19,56.4,56.79,54.772252877602
2016-11-01,56.0,56.61,55.68,56.45,54.444333068157
2016-10-31,57.06,57.3,55.72,55.78,53.798138149544
2016-10-28,57.55,58.39,55.0623,57.6,55.553473600103
2016-10-27,61.45,61.72,60.6,61.46,59.276327907332
2016-10-26,61.51,61.71,60.71,61.02,58.851961095109
2016-10-25,61.06,61.655,60.95,61.55,59.363130209833
2016-10-24,61.13,61.68,61.02,61.12,58.948408097887
2016-10-21,61.38,61.44,60.6499,60.98,58.813382293998
2016-10-20,61.45,61.98,61.33,61.76,59.565668915666
2016-10-19,62.04,62.16,61.17,61.43,59.247393806499
2016-10-18,60.62,61.62,60.4,61.55,59.363130209833
2016-10-17,60.1,60.71,59.86,60.14,58.003227470663
2016-10-14,61.45,61.515,60.15,60.17,58.032161571497
2016-10-13,60.96,61.61,60.6793,61.15,58.977342198721
2016-10-12,62.0,62.23,61.015,61.21,59.035210400388
2016-10-11,63.08,63.26,62.05,62.39,59.618109046296
2016-10-10,63.07,63.66,62.92,63.31,60.497234872913
2016-10-07,63.1,63.58,62.5,62.93,60.134117683658
2016-10-06,63.16,63.21,62.56,62.83,60.038560528591
2016-10-05,63.08,63.75,63.0,63.39,60.573680596966
2016-10-04,63.31,63.53,62.55,63.0,60.201007692205
2016-10-03,63.02,63.29,62.25,63.23,60.420789148859
2016-09-30,62.67,63.255,62.45,63.07,60.267897700752
2016-09-29,64.3,64.31,62.8,62.82,60.029004813084
2016-09-28,64.94,64.94,63.885,64.22,61.366804984022
2016-09-27,63.95,64.75,63.69,64.57,61.701255026757
2016-09-26,64.52,64.88,64.02,64.07,61.223469251422
2016-09-23,65.05,65.33,64.75,64.98,62.093039362531
2016-09-22,64.12,65.2,64.0801,65.08,62.188596517598
2016-09-21,63.49,64.25,63.195,64.1,61.252136397942
2016-09-20,63.36,63.55,62.76,63.28,60.468567726392
2016-09-19,63.62,63.71,62.83,62.91,60.115006252645
2016-09-16,63.53,63.79,63.17,63.27,60.459012010886
2016-09-15,63.17,63.82,62.92,63.35,60.535457734939
2016-09-14,63.41,63.96,63.06,63.34,60.525902019433
2016-09-13,63.66,64.15,63.01,63.34,60.525902019433
2016-09-12,62.98,64.231,62.66,64.08,61.233024966928
2016-09-09,63.22,64.0,63.06,63.36,60.545013450446
2016-09-08,63.96,64.15,63.44,64.06,61.213913535915
2016-09-07,64.37,65.14,64.29,64.97,62.083483647025
2016-09-06,64.7,64.895,64.05,64.61,61.739477888783
2016-09-02,64.37,64.48,63.8737,64.12,61.271247828955
2016-09-01,64.1,64.14,63.605,64.03,61.185246389395
2016-08-31,64.21,64.45,63.5,64.1,61.252136397942
2016-08-30,64.54,64.71,64.105,64.16,61.309470690982
2016-08-29,64.84,65.09,64.19,64.51,61.643920733716
2016-08-26,64.68,65.02,64.21,64.61,61.739477888783
2016-08-25,65.04,65.43,64.27,64.72,61.844590759357
2016-08-24,66.31,66.53,64.84,65.06,62.169485086585
2016-08-23,67.26,67.49,65.99,66.17,63.230169507828
2016-08-22,67.31,67.79,66.92,67.01,64.032849610391
2016-08-19,66.57,67.18,66.51,67.1,64.118851049951
2016-08-18,66.57,67.43,66.55,66.77,63.80351243823
2016-08-17,66.69,67.35,66.35,66.83,63.860846731271
2016-08-16,67.13,67.61,66.5,66.74,63.77484529171
2016-08-15,67.47,68.1239,67.32,67.39,64.395966799646
2016-08-12,66.86,67.39,66.55,67.19,64.204852489512
2016-08-11,66.86,67.11,66.7,66.95,63.975515317351
2016-08-10,66.7,66.96,66.19,66.43,63.478618111003
2016-08-09,66.34,67.25,66.25,66.76,63.793956722724
2016-08-08,66.38,66.67,65.75,66.34,63.392616671442
2016-08-05,66.15,66.6,66.12,66.54,63.583730981576
2016-08-04,66.58,66.98,66.08,66.1,63.163279499282
2016-08-03,66.81,67.0,66.225,66.57,63.612398128096
2016-08-02,66.93,67.06,66.051,66.78,63.813068153737
2016-08-01,66.23,67.08,66.23,66.94,63.965959601844
2016-07-29,65.27,66.4,65.15,66.23,63.287503800869
2016-07-28,64.79,65.06,63.93,64.72,61.844590759357
2016-07-27,64.42,65.115,64.32,64.9,62.016593638478
2016-07-26,64.41,64.73,63.96,64.45,61.586586440676
2016-07-25,63.91,64.5,63.71,64.32,61.462362139089
2016-07-22,64.0,64.09,63.575,63.81,60.975020648247
2016-07-21,63.23,64.0,63.17,63.89,61.051466372301
2016-07-20,63.57,63.9,63.3299,63.41,60.592792027979
2016-07-19,63.41,63.97,63.09,63.32,60.506790588419
2016-07-18,63.23,63.77,63.18,63.56,60.73612776058
2016-07-15,63.82,64.17,63.13,63.32,60.506790588419
2016-07-14,63.7,64.14,62.94,63.62,60.79346205362
2016-07-13,64.81,65.04,64.25,64.77,61.892369336891
2016-07-12,64.67,65.81,64.32,65.5,62.043927021217
2016-07-11,64.25,64.985,64.07,64.35,60.95460616512
2016-07-08,63.48,64.48,62.74,64.16,60.774631414982
2016-07-07,63.6,63.75,63.21,63.43,60.083149480241
2016-07-06,61.84,63.76,61.8,63.37,60.026315348619
2016-07-05,62.5,62.71,61.77,61.92,58.652823834409
2016-07-01,61.98,63.22,61.83,62.71,59.401139900771
2016-06-30,61.79,62.02,61.14,61.91,58.643351479138
2016-06-29,60.58,62.03,60.23,61.81,58.548627926434
2016-06-28,59.28,60.13,59.15,59.99,56.824659267219
2016-06-27,59.38,59.68,58.329,58.68,55.583780726794
2016-06-24,59.26,60.6,59.18,59.86,56.701518648703
2016-06-23,60.86,61.32,60.62,61.31,58.075010162913
2016-06-22,60.0,61.18,59.92,60.39,57.203553478035
2016-06-21,60.2,60.4,59.75,59.98,56.815186911948
2016-06-20,60.64,61.18,60.06,60.11,56.938327530464
2016-06-17,60.88,60.97,59.57,60.01,56.843603977759
2016-06-16,59.93,60.94,59.91,60.9,57.686643596826
2016-06-15,60.29,61.27,60.01,60.4,57.213025833306
2016-06-14,59.46,60.38,59.16,59.9,56.739408069785
2016-06-13,60.46,61.39,59.85,59.93,56.767825135596
2016-06-10,59.99,61.01,59.72,61.0,57.781367149531
2016-06-09,61.5,62.17,60.515,60.75,57.54455826777
2016-06-08,62.21,62.3,61.37,61.73,58.472849084271
2016-06-07,62.59,63.59,62.3,63.1,59.770561756318
2016-06-06,62.13,62.99,61.87,62.82,59.505335808746
2016-06-03,64.76,65.37,63.75,65.0,61.570309257696
2016-06-02,62.87,65.15,62.83,65.09,61.65556045513
2016-06-01,62.9,63.17,62.63,62.83,59.514808164016
2016-05-31,62.71,63.49,62.64,62.93,59.609531716721
2016-05-27,61.99,63.2,61.9,62.71,59.401139900771
2016-05-26,61.0,62.17,60.9,61.9,58.633879123868
2016-05-25,61.08,61.47,60.79,61.22,57.98975896548
2016-05-24,59.73,60.91,59.52,60.7,57.497196491418
2016-05-23,59.75,59.84,59.13,59.3,56.17106675356
2016-05-20,59.63,60.05,59.03,59.69,56.540488609106
2016-05-19,60.06,60.35,58.9,59.28,56.152122043019
2016-05-18,59.87,60.8,59.56,60.46,57.269859964928
2016-05-17,62.44,62.7899,58.5,60.25,57.070940504249
2016-05-16,61.91,62.62,61.5,62.45,59.154858663741
2016-05-13,62.15,62.86,61.8215,62.0,58.728602676572
2016-05-12,62.86,63.07,62.389,62.49,59.192748084822
2016-05-11,63.77,63.825,62.64,62.7,59.391667545501
2016-05-10,63.51,63.76,63.3225,63.74,60.376792493624
2016-05-09,62.36,63.87,62.2802,63.7,60.338903072543
2016-05-06,62.0,62.745,61.65,62.51,59.211692795363
2016-05-05,61.41,62.395,61.09,62.34,59.050662755766
2016-05-04,61.3,61.65,61.01,61.46,58.21709549197
2016-05-03,60.99,62.09,60.72,61.77,58.510738505352
2016-05-02,60.79,62.0,60.7,61.44,58.198150781429
2016-04-29,61.03,61.445,60.48,61.0,57.781367149531
2016-04-28,58.56,62.1,57.53,61.2,57.970814254939
2016-04-27,60.93,61.48,60.25,60.7,57.497196491418
2016-04-26,60.96,61.29,60.53,60.93,57.715060662638
2016-04-25,61.13,61.3,60.75,60.97,57.752950083719
2016-04-22,61.3,61.99,60.96,61.42,58.179206070888
2016-04-21,60.57,61.43,60.54,61.37,58.131844294536
2016-04-20,60.17,61.11,59.96,60.48,57.288804675469
2016-04-19,60.09,61.23,59.67,60.17,56.995161662086
2016-04-18,59.5,60.32,59.3,59.88,56.720463359244
2016-04-15,59.55,59.74,58.78,59.51,56.369986214239
2016-04-14,59.15,59.49,59.0,59.28,56.152122043019
2016-04-13,59.87,60.0,58.7,59.06,55.94373022707
2016-04-12,58.98,60.05,58.69,59.89,56.187657274849
2016-04-11,58.59,59.25,58.25,58.5,54.883585750186
2016-04-08,59.49,59.8,58.17,58.47,54.855440321596
2016-04-07,59.42,59.9,58.76,59.3,55.634130512582
2016-04-06,58.52,59.9,58.52,59.89,56.187657274849
2016-04-05,58.54,59.56,58.085,58.54,54.921112988306
2016-04-04,57.64,59.4,57.49,59.21,55.549694226812
2016-04-01,56.58,57.57,56.36,57.42,53.870350320952
2016-03-31,57.02,57.46,56.82,57.12,53.588896035054
2016-03-30,57.43,57.53,56.72,57.0,53.476314320694
2016-03-29,56.1,57.1,55.2169,57.05,53.523223368344
2016-03-28,56.35,56.7,55.8,56.11,52.641333272529
2016-03-24,56.14,56.25,55.67,56.12,52.650715082059
2016-03-23,57.16,57.5,56.22,56.36,52.875878510778
2016-03-22,55.75,57.54,55.75,57.5,53.945404797191
2016-03-21,56.52,56.775,55.73,56.01,52.547515177229
2016-03-18,55.59,56.6,54.8,56.57,53.072896510906
2016-03-17,56.46,56.46,54.41,55.32,51.900170319663
2016-03-16,55.58,56.54,55.25,56.31,52.828969463128
2016-03-15,56.65,56.93,55.128,55.62,52.181624605562
2016-03-14,57.67,57.73,56.97,57.21,53.673332320823
2016-03-11,56.4,57.87,56.35,57.73,54.16118641638
2016-03-10,56.56,57.37,55.3188,56.23,52.753914986888
2016-03-09,55.51,56.65,55.04,56.39,52.904023939367
2016-03-08,56.18,56.47,55.23,55.32,51.900170319663
2016-03-07,55.7,56.5,54.83,56.4,52.913405748897
2016-03-04,56.0,56.696,55.3,56.15,52.678860510649
2016-03-03,55.69,56.0859,55.15,55.93,52.47246070099
2016-03-02,56.17,56.43,55.4,55.7,52.256679081801
2016-03-01,54.78,56.34,54.24,56.34,52.857114891718
2016-02-29,55.87,56.0,54.47,54.61,51.234061843037
2016-02-26,56.26,56.79,55.8,56.0,52.5381333677
2016-02-25,55.17,56.23,54.43,56.2,52.725769558298
2016-02-24,54.66,55.07,54.01,54.89,51.496752509875
2016-02-23,55.7,56.31,55.0,55.07,51.665625081415
2016-02-22,54.67,55.32,53.74,55.28,51.862643081543
2016-02-19,54.5,55.0,53.98,54.29,50.933843938079
2016-02-18,55.53,55.53,54.17,54.55,51.177770985857
2016-02-17,54.34,55.155,53.35,55.01,51.609334224235
2016-02-16,53.44,53.87,52.73,53.51,50.202062794743
2016-02-12,52.53,52.97,51.6,52.58,49.329554508458
2016-02-11,52.3,53.12,51.8162,52.18,48.95428212726
2016-02-10,54.11,54.69,52.55,52.72,49.460899841877
2016-02-09,52.31,53.94,52.06,53.48,50.173917366153
2016-02-08,52.58,54.1,51.941,52.89,49.620390603886
2016-02-05,56.25,56.34,52.62,53.12,49.836172223075
2016-02-04,56.74,57.31,55.355,56.76,53.251150891975
2016-02-03,54.53,57.18,54.05,56.84,53.326205368215
2016-02-02,53.64,54.78,53.32,53.95,50.614862414061
2016-02-01,54.16,54.88,52.51,54.39,51.027662033378
2016-01-29,53.42,55.31,53.42,54.9,51.506134319405
2016-01-28,57.23,57.73,54.78,55.85,52.39740622475
2016-01-27,58.36,58.93,56.45,57.11,53.579514225524
2016-01-26,59.01,59.27,57.21,58.26,54.658422321467
2016-01-25,59.03,59.81,58.18,58.65,55.024312893135
2016-01-22,59.1,59.43,57.82,58.83,55.193185464674
2016-01-21,57.29,58.77,56.92,58.36,54.752240416767
2016-01-20,54.21,57.93,53.7,57.15,53.617041463643
2016-01-19,57.53,57.73,54.23,54.99,51.590570605175
2016-01-15,53.01,57.41,53.01,57.34,53.795295844712
2016-01-14,51.32,56.8295,50.71,54.56,51.187152795387
2016-01-13,54.55,54.62,50.98,51.18,48.016101174265
2016-01-12,54.47,54.9701,53.57,54.84,50.883149534236
2016-01-11,55.86,55.98,52.83,53.88,49.992416063177
2016-01-08,57.55,57.81,55.48,55.65,51.634705900442
2016-01-07,56.52,57.84,56.34,57.21,53.082147790913
2016-01-06,56.37,57.56,56.18,57.38,53.239881843079
2016-01-05,57.99,58.25,56.815,57.37,53.230603369422
2016-01-04,58.06,58.32,56.4,57.61,53.453286737187
2015-12-31,59.5,59.93,59.2,59.24,54.965677943256
2015-12-30,59.4,60.12,59.31,59.8,55.48527246804
2015-12-29,59.02,59.7,59.02,59.45,55.16052589005
2015-12-28,58.27,58.97,57.76,58.75,54.511032734069
2015-12-24,58.38,58.73,58.0,58.46,54.24195699802
2015-12-23,57.88,58.61,57.61,58.58,54.353298681903
2015-12-22,56.54,57.985,56.42,57.59,53.434729789873
2015-12-21,56.0,56.26,55.7,56.2,52.145021951569
2015-12-18,55.9,56.1,55.36,55.74,51.718212163354
2015-12-17,57.66,57.93,56.35,56.38,52.312034477393
2015-12-16,56.67,57.69,56.2,57.63,53.471843684501
2015-12-15,56.15,57.0,55.91,56.39,52.32131295105
2015-12-14,53.71,55.475,53.24,55.44,51.439857953648
2015-12-11,55.17,55.39,53.85,54.04,50.140871641687
2015-12-10,56.0,56.65,55.65,55.78,51.755326057981
2015-12-09,56.28,57.44,55.72,56.03,51.987287899403
2015-12-08,55.56,56.87,55.51,56.67,52.581110213442
2015-12-07,57.9,57.99,55.76,56.27,52.209971267167
2015-12-04,56.5,57.48,56.2,57.18,53.054312369942
2015-12-03,57.71,57.75,55.53,56.12,52.070794162314
2015-12-02,59.17,59.39,57.37,57.72,53.555349947413
2015-12-01,58.23,59.095,57.16,59.02,54.761551522805
2015-11-30,59.96,60.21,57.9601,58.15,53.954324314658
2015-11-27,60.17,60.45,59.61,60.0,55.670841941177
2015-11-25,61.1,61.13,60.21,60.29,55.939917677226
2015-11-24,60.56,61.65,60.53,61.13,56.719309464403
2015-11-23,61.31,61.53,60.84,61.15,56.737866411717
2015-11-20,60.94,61.36,60.57,61.11,56.700752517089
2015-11-19,61.22,61.73,60.14,60.55,56.181157992305
2015-11-18,60.26,61.06,59.8501,60.99,56.589410833207
2015-11-17,60.1,61.73,59.73,60.38,56.023423940138
2015-11-16,59.74,60.81,59.56,60.01,55.680120414834
2015-11-13,60.01,60.97,58.89,59.86,55.540943309981
2015-11-12,60.79,61.7297,60.15,60.23,55.884246835285
2015-11-11,62.2,62.27,60.57,60.86,56.468790675667
2015-11-10,63.33,63.62,62.2775,62.3,57.804890882256
2015-11-09,63.62,64.13,63.11,63.23,58.667788932344
2015-11-06,62.25,64.3,62.13,64.13,59.502851561462
2015-11-05,63.7,64.18,61.69,62.77,58.240979144128
2015-11-04,62.43,64.15,62.3,63.8,59.196661930785
2015-11-03,63.12,63.72,61.92,62.43,57.925511039795
2015-11-02,61.6,64.2,61.44,63.38,58.806966037197
2015-10-30,57.87,60.73,57.66,59.55,55.253310626618
2015-10-29,53.2,55.18,53.02,54.1,50.196542483628
2015-10-28,52.82,53.8414,52.08,53.26,49.417150696452
2015-10-27,52.01,53.49,52.01,52.58,48.786214487785
2015-10-26,50.17,52.4775,49.35,51.87,48.127442858148
2015-10-23,49.41,51.73,48.64,50.34,46.707836388648
2015-10-22,53.88,54.44,45.45,48.27,44.787192341677
2015-10-21,55.28,55.61,53.07,53.83,49.946023694893
2015-10-20,56.15,56.3799,54.63,54.83,50.873871060579
2015-10-19,56.29,56.7,55.685,56.16,52.107908056942
2015-10-16,56.29,56.97,55.7902,56.53,52.451211582246
2015-10-15,54.32,56.2,53.85,56.14,52.089351109628
2015-10-14,54.09,54.62,53.565,53.94,50.048086905118
2015-10-13,55.17,55.36,53.705,53.8,49.918188273922
2015-10-12,55.8,56.27,55.52,55.77,51.260124471306
2015-10-09,56.18,56.5,55.47,55.64,51.140637001676
2015-10-08,55.13,56.16,54.8,56.04,51.508290754384
2015-10-07,54.85,56.55,53.91,55.63,51.131445657859
2015-10-06,56.26,56.67,53.96,55.08,50.625921747885
2015-10-05,56.39,56.95,55.44,56.68,52.096536758717
2015-10-02,53.87,55.85,53.72,55.82,51.306081190395
2015-10-01,54.68,55.23,53.93,55.13,50.671878466974
2015-09-30,53.54,54.5,53.36,54.41,50.010101712099
2015-09-29,53.1,54.19,51.88,52.79,48.521104013632
2015-09-28,55.39,55.43,52.3401,52.5,48.254555042919
2015-09-25,57.84,57.88,55.08,55.74,51.232550439853
2015-09-24,56.93,57.48,55.92,56.57,51.995431976722
2015-09-23,57.9,58.4,57.15,57.43,52.785887545044
2015-09-22,58.17,58.26,56.91,57.74,53.070819203393
2015-09-21,61.24,61.74,59.285,59.39,54.587390933313
2015-09-18,59.42,61.83,58.97,61.22,56.269406851952
2015-09-17,59.56,60.92,59.39,59.86,55.019384092745
2015-09-16,59.5,59.64,58.625,59.51,54.697687059126
2015-09-15,58.98,59.44,58.37,59.2,54.412755400777
2015-09-14,59.43,59.62,57.54,58.94,54.173780461517
2015-09-11,59.62,59.76,58.97,59.35,54.550625558042
2015-09-10,59.36,60.13,58.89,59.58,54.76202646585
2015-09-09,61.52,61.52,59.11,59.26,54.467903463683
2015-09-08,60.22,60.94,59.91,60.57,55.671969503802
2015-09-04,60.65,60.8,58.9638,59.77,54.936661998386
2015-09-03,61.45,62.28,61.35,61.58,56.600295229389
2015-09-02,61.18,61.6,60.28,60.98,56.048814600327
2015-09-01,61.33,61.63,60.16,60.5,55.607630097078
2015-08-31,64.17,64.31,62.2545,62.41,57.363176766258
2015-08-28,64.45,64.78,63.44,63.98,58.806217745637
2015-08-27,64.0,64.6,63.0,64.51,59.293358967975
2015-08-26,62.47,63.22,60.88,63.14,58.03414486495
2015-08-25,65.11,65.12,60.65,60.71,55.80064831725
2015-08-24,61.17,64.85,53.87,63.45,58.319076523299
2015-08-21,66.74,67.16,65.83,65.9,60.570955758635
2015-08-20,68.0,68.43,67.48,67.48,62.023188081832
2015-08-19,68.75,69.0798,68.21,68.59,63.043427245596
2015-08-18,69.42,69.74,68.67,68.86,63.291593528674
2015-08-17,68.71,69.82,68.3001,69.37,63.760352063377
2015-08-14,68.56,69.44,68.4103,68.65,63.098575308502
2015-08-13,68.68,69.09,68.21,68.54,62.997470526508
2015-08-12,67.83,68.92,67.24,68.75,63.190488746679
2015-08-11,68.5,69.29,67.94,68.25,62.730921555794
2015-08-10,68.92,69.43,68.5003,69.21,63.613290562294
2015-08-07,69.08,69.3,67.77,68.62,63.071001277049
2015-08-06,70.37,70.78,68.8,69.24,63.640864593747
2015-08-05,70.1,70.64,70.05,70.3,64.615147038423
2015-08-04,70.04,70.39,69.674,69.95,64.293450004803
2015-08-03,70.19,70.79,69.275,69.73,64.091240440814
2015-07-31,70.38,70.38,69.73,70.01,64.348598067709
2015-07-30,70.86,70.88,69.27,70.16,64.486468224975
2015-07-29,71.29,71.51,70.74,70.77,65.047140197855
2015-07-28,69.5,71.44,69.08,71.23,65.469942013469
2015-07-27,68.46,70.96,68.46,69.34,63.732778031924
2015-07-24,67.53,69.015,67.35,68.08,62.574668710894
2015-07-23,70.25,70.93,70.135,70.52,64.817356602412
2015-07-22,70.26,70.65,70.03,70.56,64.854121977683
2015-07-21,70.81,71.6,70.22,70.54,64.835739290047
2015-07-20,70.0,71.11,69.86,70.8,65.074714229308
2015-07-17,69.99,70.125,69.7,69.99,64.330215380074
2015-07-16,70.14,70.3,69.83,69.99,64.330215380074
2015-07-15,69.81,70.04,69.31,69.75,64.109623128449
2015-07-14,69.71,70.52,69.4,69.8,64.155579847538
2015-07-13,69.42,69.7,69.17,69.57,63.944178939731
2015-07-10,68.94,69.5,68.53,69.23,63.168600285353
2015-07-09,68.48,68.92,67.8,67.97,62.018918985923
2015-07-08,67.79,68.44,67.58,67.66,61.736060888444
2015-07-07,68.42,68.79,67.32,68.56,62.557261816609
2015-07-06,67.53,69.001,67.49,68.22,62.247030354858
2015-07-02,68.68,68.9,67.79,68.21,62.2379059001
2015-07-01,67.9,68.6,67.68,68.51,62.511639542822
2015-06-30,68.0,68.22,66.66,67.19,61.307211514847
2015-06-29,69.27,70.02,67.08,67.18,61.29808706009
2015-06-26,69.95,70.6,69.68,70.46,64.290908220511
2015-06-25,69.67,70.38,69.29,69.82,63.706943116039
2015-06-24,70.52,70.75,69.03,69.22,63.159475830596
2015-06-23,70.01,70.49,69.565,70.02,63.889432211186
2015-06-22,69.85,70.6,69.73,70.12,63.98067675876
2015-06-19,68.5,69.75,68.5,69.48,63.396711654288
2015-06-18,67.79,69.07,67.79,68.98,62.940488916419
2015-06-17,66.97,67.99,66.88,67.77,61.836429890776
2015-06-16,66.72,67.4,66.62,66.77,60.923984415037
2015-06-15,66.66,67.05,66.1,66.91,61.051726781641
2015-06-12,67.89,67.93,66.59,67.05,61.179469148244
2015-06-11,68.67,68.67,67.65,68.04,62.082790169225
2015-06-10,67.66,68.44,67.54,68.24,62.265279264372
2015-06-09,67.52,68.08,67.51,67.67,61.745185343202
2015-06-08,67.86,68.2,67.53,67.79,61.85467880029
2015-06-05,66.98,67.755,66.62,67.4,61.498825064752
2015-06-04,66.55,67.87,66.52,67.42,61.517073974267
2015-06-03,66.9,67.3,66.62,67.01,61.142971329215
2015-06-02,66.7,67.23,66.33,66.62,60.787117593677
2015-06-01,66.8,67.26,66.26,66.93,61.069975691155
2015-05-29,67.22,67.515,66.39,66.59,60.759744229404
2015-05-28,67.42,67.53,66.63,67.47,61.562696248054
2015-05-27,66.75,67.99,66.57,67.38,61.480576155238
2015-05-26,65.72,67.0,65.66,66.1,60.312645946293
2015-05-22,65.48,65.87,65.31,65.48,59.746929751335
2015-05-21,65.45,65.805,64.87,65.65,59.902045482211
2015-05-20,65.92,66.2,65.39,65.89,60.121032396388
2015-05-19,65.71,66.12,65.4,65.73,59.97504112027
2015-05-18,65.79,65.91,65.14,65.61,59.865547663181
2015-05-15,65.93,66.52,65.91,65.99,60.212276943962
2015-05-14,65.86,66.27,64.94,65.97,60.194028034447
2015-05-13,64.98,65.32,64.63,65.3,59.582689565702
2015-05-12,64.75,65.27,64.59,64.81,59.135591282591
2015-05-11,65.19,65.8,65.08,65.2,59.491445018128
2015-05-08,65.1,65.8,64.9,65.24,59.527942837158
2015-05-07,63.59,64.81,63.59,64.7,59.035222280259
2015-05-06,64.11,64.529,63.4,63.94,58.341763718698
2015-05-05,64.2,64.9,63.78,63.86,58.268768080639
2015-05-04,64.32,65.4375,64.01,64.68,59.016973370745
2015-05-01,65.09,65.5,63.88,64.32,58.688492999479
2015-04-30,65.39,65.92,64.32,64.66,58.99872446123
2015-04-29,65.7,66.18,65.51,65.63,59.883796572696
2015-04-28,64.6,66.49,64.2,66.49,60.668499681831
2015-04-27,66.02,66.66,64.86,65.02,59.327204832496
2015-04-24,64.31,66.37,64.14,66.07,60.285272582021
2015-04-23,65.26,65.31,62.73,64.25,58.624621816177
2015-04-22,63.6,64.73,63.5605,64.52,58.870982094626
2015-04-21,63.89,64.24,63.27,63.61,58.040656711705
2015-04-20,62.91,64.0,62.8,63.54,57.976785528403
2015-04-17,62.12,62.79,61.87,62.29,56.83622868373
2015-04-16,61.8,62.91,61.65,62.59,57.109962326452
2015-04-15,62.1,62.7,61.97,62.03,56.598992860038
2015-04-14,61.4,61.81,60.51,61.72,56.31613476256
2015-04-13,61.81,62.16,61.06,61.2,55.841663115176
2015-04-10,60.5,62.33,60.32,62.0,56.104085450347
2015-04-09,59.2,60.43,59.05,60.32,54.583845715563
2015-04-08,58.5,58.98,57.95,58.81,53.217439763466
2015-04-07,58.25,58.75,57.785,58.42,52.864526967891
2015-04-06,56.81,57.89,56.68,57.61,52.131554238621
2015-04-02,57.44,57.81,56.9,57.01,51.588611476198
2015-04-01,58.48,58.49,56.33,57.1,51.670052890561
2015-03-31,58.01,58.81,57.71,58.54,52.973115520376
2015-03-30,57.93,58.34,57.79,58.24,52.701644139164
2015-03-27,57.63,58.05,57.31,57.65,52.167750422782
2015-03-26,57.98,58.09,57.22,57.27,51.823886673248
2015-03-25,60.08,60.09,58.21,58.22,52.683546047084
2015-03-24,60.65,60.82,59.45,59.63,53.959461538777
2015-03-23,60.05,61.19,59.62,60.48,54.728630452209
2015-03-20,61.5,61.73,60.32,60.4,54.656238083886
2015-03-19,60.09,61.4762,59.99,61.19,55.371112721076
2015-03-18,59.76,60.42,59.25,59.89,54.194736735827
2015-03-17,58.72,60.18,58.7,59.73,54.049951999181
2015-03-16,58.46,59.7,58.33,59.12,53.497960190718
2015-03-13,58.12,58.87,57.345,58.0,52.484467034195
2015-03-12,56.78,58.905,56.65,58.0,52.484467034195
2015-03-11,56.19,56.8772,55.6628,56.62,51.235698680623
2015-03-10,55.22,56.3,54.78,55.84,50.529873089474
2015-03-09,55.93,56.03,55.26,55.54,50.258401708262
2015-03-06,56.95,57.4,55.44,55.64,50.348892168666
2015-03-05,57.21,59.48,56.649,56.86,51.452875785592
2015-03-04,59.32,60.42,59.03,60.27,54.538600485361
2015-03-03,60.35,60.45,59.4371,59.62,53.950412492737
2015-03-02,60.3,60.75,60.06,60.46,54.710532360128
2015-02-27,60.53,60.99,60.37,60.5,54.74672854429
2015-02-26,60.35,60.81,60.27,60.52,54.764826636371
2015-02-25,61.1,61.1,60.21,60.62,54.855317096775
2015-02-24,60.85,61.3,60.52,60.87,55.081543247784
2015-02-23,61.54,61.9,60.24,60.57,54.810071866573
2015-02-20,59.61,61.34,59.22,61.3,55.47065222752
2015-02-19,58.92,59.08,58.65,59.0,53.389371638233
2015-02-18,59.15,59.48,58.305,59.24,53.606548743202
2015-02-17,58.95,59.0,57.9,58.72,53.135998349103
2015-02-13,57.35,58.1,56.9,58.05,52.529712264397
2015-02-12,57.4,57.58,56.16,57.05,51.624807660359
2015-02-11,57.36,57.83,56.26,56.69,51.299042002906
2015-02-10,55.93,57.005,55.6,56.89,51.480022923713
2015-02-09,55.67,56.35,55.18,55.48,50.20410743202
2015-02-06,57.71,57.83,56.69,56.9,51.489071969754
2015-02-05,57.545,58.26,56.15,57.99,52.475417988155
2015-02-04,58.95,58.95,56.65,56.91,51.498121015794
2015-02-03,61.6,61.76,59.98,61.65,55.787368838933
2015-02-02,61.49,61.49,58.65,60.7,54.927709465098
2015-01-30,62.09,62.68,60.12,60.35,54.610992853684
2015-01-29,62.12,63.38,61.59,63.12,57.117578606869
2015-01-28,63.44,63.56,61.69,61.85,55.968349759741
2015-01-27,62.33,63.5,62.2,63.1,57.099480514788
2015-01-26,62.26,63.04,61.68,62.83,56.855156271698
2015-01-23,63.66,63.66,62.35,62.43,56.493194430083
2015-01-22,63.2,63.45,61.88,62.98,56.990891962304
2015-01-21,63.1,63.45,62.28,62.7,56.737518673173
2015-01-20,65.06,65.29,62.75,63.45,57.416197126202
2015-01-16,62.95,64.62,62.64,64.54,58.402543144603
2015-01-15,64.0,64.11,62.87,62.89,56.90945054794
2015-01-14,62.62,64.07,61.86,63.7,57.642423277211
2015-01-13,65.72,66.07,62.91,63.39,57.361902849959
2015-01-12,66.34,66.928,65.3104,65.76,59.050074067209
2015-01-09,66.69,67.2,65.11,65.78,59.068033335478
2015-01-08,68.16,68.29,67.42,67.63,60.729265650325
2015-01-07,64.57,67.05,64.48,66.93,60.100691260923
2015-01-06,65.62,65.75,63.7,64.33,57.765986386003
2015-01-05,65.5,66.1,63.88,64.65,58.053334678301
2015-01-02,65.62,66.4,65.49,65.89,59.166809310955
2014-12-31,66.72,67.1,65.35,65.44,58.762725774911
2014-12-30,66.77,67.1601,66.02,66.3,59.534974310462
2014-12-29,66.58,67.37,66.42,67.14,60.289263577744
2014-12-26,66.51,67.24,66.51,66.98,60.145589431595
2014-12-24,64.75,66.95,64.75,66.21,59.454157603253
2014-12-23,67.23,67.32,64.02,64.35,57.783945654272
2014-12-22,68.04,68.25,66.83,66.97,60.136609797461
2014-12-19,67.69,68.62,66.84,67.71,60.801102723399
2014-12-18,67.86,68.01,67.2,67.92,60.98967504022
2014-12-17,65.5,66.735,65.09,66.57,59.777424432088
2014-12-16,65.11,66.94,64.8,65.25,58.59211272636
2014-12-15,65.75,66.47,64.81,65.62,58.924359189329
2014-12-12,66.53,67.17,65.01,65.27,58.610071994628
2014-12-11,66.48,67.96,66.24,67.03,60.190487602266
2014-12-10,69.44,69.44,67.53,67.58,60.684367479653
2014-12-09,68.21,69.19,67.61,69.14,62.085190404605
2014-12-08,69.81,70.76,69.35,69.42,62.336620160366
2014-12-05,69.52,70.17,69.34,69.71,62.597029550261
2014-12-04,68.35,69.86,68.29,69.57,62.471314672381
2014-12-03,69.17,69.476,68.41,68.5,61.51049382001
2014-12-02,68.88,69.4901,68.645,69.27,62.201925648351
2014-12-01,69.08,69.5,68.83,69.11,62.058251502202
2014-11-28,69.0,69.48,68.89,69.2,62.139068209411
2014-11-26,68.34,68.86,67.881,68.7,61.690086502696
2014-11-25,67.64,68.21,67.145,68.06,61.1153899181
2014-11-24,67.4,68.0601,67.4,67.78,60.863960162339
2014-11-21,66.41,67.36,65.75,67.36,60.486815528699
2014-11-20,65.04,65.68,64.93,65.19,58.538234921554
2014-11-19,65.88,66.148,65.22,65.5,58.816603579717
2014-11-18,64.78,66.24,64.78,66.05,59.310483457104
2014-11-17,64.08,65.41,64.03,65.04,58.403540409539
2014-11-14,63.98,64.0,63.13,64.0,57.469658459571
2014-11-13,64.25,64.7901,63.4,63.63,57.137411996602
2014-11-12,63.56,64.02,63.56,63.76,57.254147240348
2014-11-11,63.69,64.2,63.5,63.85,57.334963947556
2014-11-10,61.99,64.06,61.87,63.79,57.281086142751
2014-11-07,62.31,62.33,61.31,61.5,55.224749925994
2014-11-06,62.75,63.39,62.42,62.71,56.311285656245
2014-11-05,63.49,63.67,62.2,62.54,56.158631875962
2014-11-04,63.21,63.61,62.32,62.66,56.266387485574
2014-11-03,63.66,63.9,62.94,63.25,56.796185899498
2014-10-31,63.06,63.99,62.3701,63.46,56.984758216318
2014-10-30,60.0,61.43,59.91,61.18,54.937401633696
2014-10-29,60.99,60.99,59.36,59.98,53.859845537579
2014-10-28,60.76,61.13,60.44,60.93,54.712910780338
2014-10-27,60.35,60.98,60.21,60.49,54.317806878429
2014-10-24,59.34,60.41,59.34,60.29,54.138214195743
2014-10-23,58.1,59.7,57.88,59.52,53.446782367401
2014-10-22,56.96,57.45,56.26,56.9,51.094118224212
2014-10-21,55.3,56.445,55.02,56.29,50.54636054202
2014-10-20,52.56,54.59,52.25,54.41,48.85818932477
2014-10-17,53.78,53.9027,52.9,53.37,47.924307374802
2014-10-16,55.8,55.9,52.84,52.9,47.502264570489
2014-10-15,52.33,55.72,52.06,54.63,49.055741275724
2014-10-14,53.59,54.835,53.02,54.13,48.606759569009
2014-10-13,54.88,55.15,53.58,53.62,48.148798228159
2014-10-10,55.99,56.67,54.95,54.97,49.361048836291
2014-10-09,58.52,58.55,56.71,56.72,50.546284347254
2014-10-08,56.54,58.45,56.18,58.34,51.989954668879
2014-10-07,57.6,57.6,56.51,56.65,50.483903530888
2014-10-06,58.59,58.99,57.66,57.81,51.517642773533
2014-10-03,57.42,58.78,57.34,58.69,52.301858750712
2014-10-02,57.54,57.7,56.14,56.67,50.501726621278
2014-10-01,57.93,57.94,56.96,57.23,51.00077315221
2014-09-30,58.26,58.81,57.73,57.76,51.473085047557
2014-09-29,58.14,58.83,57.94,58.52,52.150362482393
2014-09-26,58.54,59.24,58.1,59.19,52.747436010472
2014-09-25,58.47,59.5,57.965,58.0,51.686962132242
2014-09-24,57.66,59.35,57.61,59.05,52.622674377739
2014-09-23,56.8,58.27,56.6,57.56,51.294854143652
2014-09-22,59.23,59.3,58.41,58.71,52.319681841102
2014-09-19,59.84,59.93,59.01,59.06,52.631585922935
2014-09-18,59.6,59.65,59.1,59.45,52.979136185548
2014-09-17,58.89,60.02,58.753,59.62,53.130632453867
2014-09-16,57.63,58.7,57.46,58.6,52.221654843955
2014-09-15,57.75,58.15,57.47,57.93,51.624581315875
2014-09-12,57.85,58.77,57.74,57.88,51.580023589899
2014-09-11,57.0,57.88,56.85,57.85,51.553288954314
2014-09-10,56.9,57.32,56.51,57.19,50.965126971429
2014-09-09,55.53,57.18,55.43,56.95,50.751249886744
2014-09-08,55.78,55.95,55.37,55.57,49.521456649805
2014-09-05,55.49,55.94,54.87,55.94,49.851183822028
2014-09-04,55.36,55.6,55.09,55.54,49.494722014219
2014-09-03,55.16,55.53,54.83,55.51,49.467987378634
2014-09-02,55.43,55.53,54.96,55.07,49.075879390044
2014-08-29,55.75,55.8,55.24,55.28,49.263021839144
2014-08-28,55.52,55.68,55.25,55.6,49.54819128539
2014-08-27,55.85,55.85,55.4,55.7,49.637306737343
2014-08-26,55.68,55.94,55.64,55.75,49.681864463319
2014-08-25,55.38,55.92,55.18,55.87,49.788803005661
2014-08-22,54.87,55.27,54.36,55.2,49.191729477582
2014-08-21,54.79,55.115,54.68,54.96,48.977852392897
2014-08-20,54.82,55.18,54.69,55.06,49.066967844849
2014-08-19,54.48,55.31,54.18,55.29,49.271933384339
2014-08-18,54.39,54.52,53.84,54.31,48.398601955208
2014-08-15,54.34,54.585,53.58,53.9,48.033228602204
2014-08-14,53.62,54.23,53.53,54.19,48.291663412865
2014-08-13,52.97,53.64,52.75,53.6,47.765882246348
2014-08-12,53.22,53.3,52.5734,52.84,47.088604811511
2014-08-11,53.0,53.65,52.77,53.31,47.507447435686
2014-08-08,52.72,52.89,52.29,52.82,47.070781721121
2014-08-07,51.59,52.71,51.42,52.43,46.723231458508
2014-08-06,51.48,52.66,51.37,52.05,46.384592741089
2014-08-05,52.77,53.19,52.4466,52.79,47.044047085535
2014-08-04,52.58,53.4,52.37,53.29,47.489624345296
2014-08-01,52.03,52.64,51.75,52.48,46.767789184484
2014-07-31,53.13,53.4,52.3,52.34,46.643027551751
2014-07-30,53.28,53.885,53.03,53.75,47.899555424276
2014-07-29,53.55,53.66,53.24,53.43,47.614385978029
2014-07-28,53.42,53.995,53.1701,53.74,47.890643879081
2014-07-25,54.4,54.49,53.03,53.18,47.391597348149
2014-07-24,54.22,54.56,53.97,54.08,48.193636415718
2014-07-23,54.48,54.8126,54.07,54.48,48.550098223526
2014-07-22,53.82,54.38,53.75,54.05,48.166901780132
2014-07-21,54.14,54.45,53.91,54.0,48.122344054156
2014-07-18,53.0,55.12,53.0,54.91,48.933294666921
2014-07-17,53.21,54.9995,52.88,53.52,47.694589884786
2014-07-16,53.25,53.67,51.82,53.65,47.810439972324
2014-07-15,54.52,54.69,53.39,53.44,47.623297523224
2014-07-14,53.89,55.05,53.72,54.85,48.879825395749
2014-07-11,55.34,56.6,54.48,54.96,48.977852392897
2014-07-10,54.5,55.875,54.28,55.79,49.340454767059
2014-07-09,55.56,55.64,54.82,55.01,48.650625860116
2014-07-08,56.68,56.97,55.48,55.69,49.252015163605
2014-07-07,57.91,58.15,57.39,57.4,50.76433238267
2014-07-03,57.9,58.27,57.65,58.22,51.489537130994
2014-07-02,57.46,58.11,56.92,58.11,51.392253567194
2014-07-01,56.42,57.2,56.17,56.89,50.313290405054
2014-06-30,56.51,56.89,56.1001,56.44,49.915312189511
2014-06-27,56.58,56.9,56.28,56.79,50.2248508016
2014-06-26,55.07,56.54,54.97,56.51,49.977219911928
2014-06-25,53.52,55.79,53.4,55.0,48.641781899771
2014-06-24,53.74,53.95,53.43,53.59,47.394783491068
2014-06-23,53.76,54.4,53.54,53.75,47.536286856594
2014-06-20,55.62,55.62,53.16,53.3,47.138308641051
2014-06-19,54.14,54.81,53.92,54.19,47.925421111793
2014-06-18,54.27,54.61,54.0,54.57,48.261491604918
2014-06-17,54.49,54.54,53.85,54.3,48.022704675592
2014-06-16,54.18,54.31,53.45,54.0,47.75738586523
2014-06-13,53.67,54.31,53.44,54.16,47.898889230756
2014-06-12,54.22,54.25,53.46,53.66,47.456691213486
2014-06-11,53.85,54.7,53.75,54.23,47.960796953174
2014-06-10,53.14,54.08,52.29,53.97,47.730853984194
2014-06-09,54.42,54.88,53.722,53.84,47.615882499703
2014-06-06,55.32,55.4,54.89,55.1,48.730221503225
2014-06-05,54.55,55.32,54.36,55.3,48.907100710133
2014-06-04,53.92,54.64,53.67,54.58,48.270335565264
2014-06-03,54.06,54.47,53.87,54.37,48.08461239801
2014-06-02,54.43,54.95,53.91,54.15,47.890045270411
2014-05-30,53.98,54.43,53.89,54.33,48.049236556628
2014-05-29,54.1,54.45,53.75,54.03,47.783917746266
2014-05-28,53.96,54.61,53.82,54.07,47.819293587648
2014-05-27,54.2,54.2,53.78,53.99,47.748541904884
2014-05-23,53.94,54.38,53.835,53.95,47.713166063503
2014-05-22,53.29,54.34,52.94,53.63,47.430159332449
2014-05-21,53.5,53.84,53.0998,53.27,47.111776760015
2014-05-20,53.86,53.93,53.31,53.54,47.350563689341
2014-05-19,52.84,54.21,52.71,54.11,47.854669429029
2014-05-16,52.65,52.97,52.41,52.93,46.811082108271
2014-05-15,52.96,53.07,52.42,52.69,46.598827059981
2014-05-14,52.23,53.0,52.08,52.87,46.758018346198
2014-05-13,52.45,52.5,51.92,52.2,46.165473003055
2014-05-12,52.36,52.56,52.22,52.37,46.315820328927
2014-05-09,52.07,52.345,51.08,52.26,46.218536765128
2014-05-08,52.69,53.09,51.96,52.15,46.121253201328
2014-05-07,52.38,52.87,51.2749,52.79,46.687266663435
2014-05-06,51.2,51.3,50.83,50.91,45.024602118497
2014-05-05,50.99,51.37,50.31,51.36,45.422580334041
2014-05-02,51.41,51.72,51.0,51.18,45.263389047823
2014-05-01,51.89,52.095,51.41,51.61,45.643679342676
2014-04-30,51.38,52.165,51.0,52.08,46.05934547891
2014-04-29,50.94,51.527,50.76,51.37,45.431424294386
2014-04-28,49.55,50.92,49.5,50.87,44.989226277116
2014-04-25,50.21,50.98,48.95,49.14,43.459221137359
2014-04-24,50.13,50.13,49.0,49.32,43.618412423577
2014-04-23,50.14,50.26,49.39,50.14,44.3436171719
2014-04-22,49.49,50.42,49.35,50.01,44.22864568741
2014-04-21,48.5,49.45,48.4,49.43,43.715695987376
2014-04-17,47.92,48.78,47.72,48.55,42.93742747698
2014-04-16,48.58,48.84,47.62,48.12,42.557137182127
2014-04-15,47.42,48.085,46.764,47.86,42.327194213146
2014-04-14,47.1,47.5,46.205,46.83,41.416266297569
2014-04-11,46.58,47.21,45.5,46.46,41.089039764788
2014-04-10,50.08,50.27,47.29,47.35,41.500981929666
2014-04-09,49.49,50.76,49.26,50.63,44.375812356895
2014-04-08,50.35,50.87,48.93,49.1,43.034809139316
2014-04-07,51.68,52.31,49.65,50.62,44.367047629983
2014-04-04,53.78,54.44,52.05,52.2,45.751874482124
2014-04-03,53.35,53.83,53.205,53.5,46.891288980721
2014-04-02,52.1,53.41,51.99,53.34,46.751053350124
2014-04-01,51.62,52.38,51.54,52.1,45.664227213001
2014-03-31,51.34,51.7,50.95,51.4,45.050696329141
2014-03-28,51.83,52.13,50.89,50.98,44.682577798825
2014-03-27,51.53,51.84,51.43,51.66,45.27857922886
2014-03-26,52.0,52.34,51.46,51.5,45.138343598264
2014-03-25,51.68,52.1,51.495,51.69,45.304873409597
2014-03-24,53.53,53.62,51.35,51.36,45.015637421492
2014-03-21,54.22,54.73,53.09,53.46,46.856230073071
2014-03-20,52.86,53.8,52.52,53.68,47.049054065142
2014-03-19,53.09,53.53,52.44,53.11,46.549464631141
2014-03-18,52.08,53.22,51.97,53.1,46.540699904229
2014-03-17,51.47,52.19,51.26,51.98,45.559050490053
2014-03-14,51.25,51.42,50.8,51.21,44.884166517807
2014-03-13,51.89,52.1,51.14,51.32,44.980578513843
2014-03-12,51.46,51.74,51.07,51.64,45.261049775036
2014-03-11,51.68,52.139,51.5,51.75,45.357461771071
2014-03-10,51.9,51.9,50.86,51.66,45.27857922886
2014-03-07,52.25,52.5,51.01,51.46,45.103284690615
2014-03-06,52.04,52.77,51.97,52.04,45.611638851527
2014-03-05,51.68,52.12,51.3,51.7,45.313638136509
2014-03-04,50.73,51.725,50.53,51.59,45.217226140474
2014-03-03,50.34,50.86,49.79,50.09,43.902517103632
2014-02-28,50.84,51.96,50.51,50.91,44.621224710439
2014-02-27,50.6,50.92,50.47,50.91,44.621224710439
2014-02-26,49.95,50.97,49.93,50.74,44.47222435293
2014-02-25,50.93,51.13,50.5,50.72,44.454694899106
2014-02-24,51.01,51.56,50.83,50.85,44.568636348965
2014-02-21,51.82,51.97,51.01,51.04,44.735166160299
2014-02-20,51.19,52.11,50.73,51.86,45.453873767106
2014-02-19,51.17,51.86,50.64,51.19,44.866637063983
2014-02-18,50.64,51.56,50.56,51.46,45.103284690615
2014-02-14,50.56,50.91,50.17,50.73,44.463459626018
2014-02-13,50.3,50.52,49.88,50.35,44.130400003351
2014-02-12,49.63,50.93,49.59,50.56,44.314459268509
2014-02-11,49.41,49.9675,49.04,49.66,43.525633846403
2014-02-10,48.75,50.19,48.72,49.55,43.429221850368
2014-02-07,48.0,49.025,47.66,48.89,42.850749874158
2014-02-06,47.89,48.18,47.45,47.93,42.009336090578
2014-02-05,47.76,48.07,47.155,47.73,41.834041552333
2014-02-04,47.18,47.97,46.95,47.95,42.026865544403
2014-02-03,49.4,49.49,47.06,47.35,41.500981929666
2014-01-31,49.94,50.55,49.07,49.23,43.148750589175
2014-01-30,47.97,48.88,47.9,48.31,42.342395713245
2014-01-29,47.15,47.84,46.9801,47.61,41.728864829385
2014-01-28,47.08,48.47,47.08,47.69,41.798982644683
2014-01-27,47.79,47.83,46.42,46.83,41.045216130227
2014-01-24,48.42,49.1,47.77,47.79,41.886629913806
2014-01-23,48.74,49.06,48.39,48.87,42.833220420333
2014-01-22,49.98,50.0,48.62,49.08,43.017279685491
2014-01-21,50.26,50.92,49.91,50.0,43.823634561421
2014-01-17,50.64,50.66,50.01,50.06,43.876222922895
2014-01-16,50.1,50.62,50.02,50.5,44.261870907035
2014-01-15,50.65,50.67,50.07,50.11,43.920046557456
2014-01-14,49.94,50.88,49.63,50.6,44.349518176158
2014-01-13,50.66,50.74,49.64,49.83,43.674634203912
2014-01-10,51.27,51.49,50.76,50.9,44.257194524769
2014-01-09,50.59,51.65,49.87,51.22,44.535432289954
2014-01-08,50.63,51.11,50.235,50.36,43.787668296019
2014-01-07,50.84,51.21,50.3,50.49,43.900702388125
2014-01-06,52.7,52.7,50.03,50.39,43.813753086505
2014-01-03,52.25,52.665,51.9675,52.3,45.474484747454
2014-01-02,52.12,52.33,51.52,51.98,45.196246982269
2013-12-31,52.99,53.06,52.36,52.81,45.917926185718
2013-12-30,52.73,53.03,52.6,53.01,46.091824788959
2013-12-27,52.92,53.05,52.38,52.55,45.691858001505
2013-12-26,52.59,53.06,52.34,52.99,46.074434928634
2013-12-24,52.78,52.79,52.275,52.36,45.526654328426
2013-12-23,52.73,52.935,52.24,52.58,45.717942791991
2013-12-20,52.77,53.01,52.29,52.59,45.726637722153
2013-12-19,53.21,53.21,52.02,52.63,45.761417442801
2013-12-18,52.78,54.43,52.22,54.32,47.230860640185
2013-12-17,53.43,53.92,53.0,53.63,46.630910459005
2013-12-16,53.42,54.78,52.98,53.37,46.404842274792
2013-12-13,52.3,52.6,51.84,52.37,45.535349258588
2013-12-12,52.56,52.62,51.8,52.39,45.552739118912
2013-12-11,52.67,53.25,52.02,52.67,45.796197163449
2013-12-10,51.245,54.13,50.72,52.14,45.335365864861
2013-12-09,51.45,51.81,50.77,51.21,44.526737359792
2013-12-06,50.17,51.5,50.05,51.35,44.64846638206
2013-12-05,49.42,50.07,49.05,49.76,43.265972486297
2013-12-04,49.75,50.29,49.3001,49.67,43.187718114838
2013-12-03,49.13,50.26,48.97,49.97,43.448566019699
2013-12-02,48.49,48.68,48.02,48.39,42.074767054097
2013-11-29,48.43,48.93,48.07,48.45,42.12693663507
2013-11-27,48.83,48.945,48.24,48.25,41.953038031829
2013-11-26,48.38,49.18,48.31,48.6,42.2573605875
2013-11-25,49.0,49.28,48.32,48.41,42.092156914422
2013-11-22,48.65,49.14,48.57,48.94,42.552988213009
2013-11-21,48.28,48.67,47.99,48.57,42.231275797014
2013-11-20,48.42,48.54,47.83,47.95,41.692190126968
2013-11-19,48.73,49.0,48.3699,48.46,42.135631565232
2013-11-18,48.89,49.96,48.73,48.87,42.492123701875
2013-11-15,48.03,48.75,48.0,48.44,42.118241704908
2013-11-14,47.99,48.47,47.688,48.04,41.770444498426
2013-11-13,47.36,47.93,47.29,47.85,41.605240825347
2013-11-12,48.45,48.48,47.275,47.48,41.283528409352
2013-11-11,48.23,48.67,48.19,48.57,42.231275797014
2013-11-08,47.13,48.1,46.83,48.03,41.761749568264
2013-11-07,48.17,48.36,47.18,47.24,41.074850085463
2013-11-06,48.5,48.74,48.0,48.05,41.779139428588
2013-11-05,48.59,48.76,48.025,48.17,41.883478590533
2013-11-04,49.19,49.19,48.0,48.76,42.396479470093
2013-11-01,48.64,49.325,48.5,48.96,42.570378073334
2013-10-31,48.68,49.0,48.44,48.45,42.12693663507
2013-10-30,49.57,49.57,48.72,48.8,42.431259190741
2013-10-29,49.48,50.2,49.48,49.79,43.292057276783
2013-10-28,49.13,49.97,48.97,49.42,42.970344860787
2013-10-25,49.1,49.83,48.56,49.3,42.866005698843
2013-10-24,48.63,48.9799,47.74,47.93,41.674800266644
2013-10-23,48.76,48.86,48.28,48.33,42.022597473125
2013-10-22,48.39,49.31,48.11,49.0,42.605157793982
2013-10-21,48.08,48.55,47.76,48.35,42.039987333449
2013-10-18,48.38,48.95,47.769,48.33,42.022597473125
2013-10-17,46.95,48.32,46.95,48.17,41.883478590533
2013-10-16,46.31,47.27,46.203,47.06,40.918341342547
2013-10-15,46.05,46.38,45.75,46.08,40.066238186667
2013-10-14,45.21,46.45,45.07,46.33,40.283611440718
2013-10-11,45.7,45.7,44.955,45.65,39.692356189699
2013-10-10,45.1,45.68,44.51,45.68,39.718440980185
2013-10-09,44.72,45.31,44.32,44.81,38.623770406296
2013-10-08,46.29,46.32,44.39,44.52,38.373806259502
2013-10-07,46.12,46.98,46.09,46.09,39.727060433523
2013-10-04,46.18,46.88,46.0,46.8,40.339041620501
2013-10-03,45.6,46.3399,45.1,46.01,39.658104806821
2013-10-02,45.34,45.97,45.12,45.95,39.606388086795
2013-10-01,44.81,45.8975,44.81,45.8,39.477096286729
2013-09-30,44.52,44.95,44.03,44.73,38.554814779594
2013-09-27,44.87,44.9,44.015,44.33,38.210036646085
2013-09-26,45.33,45.6192,44.81,45.0,38.787540019712
2013-09-25,46.09,46.16,45.02,45.33,39.071981979857
2013-09-24,46.95,46.95,45.94,45.98,39.632246446808
2013-09-23,47.56,47.56,46.93,47.1,40.597625220632
2013-09-20,47.44,48.0,47.33,47.84,41.235464767623
2013-09-19,48.21,48.23,47.31,47.4,40.856208820764
2013-09-18,47.19,48.42,46.885,47.92,41.304420394325
2013-09-17,45.92,47.695,45.86,47.6,41.028597887518
2013-09-16,45.32,45.95,45.19,45.82,39.494335193405
2013-09-13,44.71,44.89,44.43,44.89,38.692726032997
2013-09-12,44.84,44.95,44.5,44.7,38.528956419581
2013-09-11,44.81,44.97,44.39,44.95,38.744442753024
2013-09-10,44.58,44.815,44.1,44.78,38.597912046283
2013-09-09,43.88,44.44,43.5,44.43,38.296231179463
2013-09-06,43.53,44.35,42.891,43.89,37.830780699226
2013-09-05,43.03,43.66,43.0,43.51,37.503241472393
2013-09-04,42.6,43.14,42.59,43.13,37.17570224556
2013-09-03,43.0,43.28,42.31,42.59,36.710251765323
2013-08-30,42.76,43.03,42.3,42.61,36.727490671999
2013-08-29,42.32,43.09,42.26,42.62,36.736110125336
2013-08-28,42.53,42.808,42.35,42.56,36.68439340531
2013-08-27,43.02,43.089,42.6,42.63,36.744729578674
2013-08-26,43.43,43.74,43.19,43.45,37.451524752367
2013-08-23,43.01,43.5,42.85,43.43,37.434285845691
2013-08-22,42.4,43.1,42.29,42.92,36.994693725468
2013-08-21,42.82,42.88,42.25,42.31,36.468907071867
2013-08-20,43.29,43.48,42.85,42.97,37.037790992156
2013-08-19,43.01,43.81,42.95,43.37,37.382569125665
2013-08-16,42.94,43.14,42.42,43.0,37.06364935217
2013-08-15,44.6,44.62,43.1333,43.21,37.244657872262
2013-08-14,44.85,45.23,44.45,44.58,38.425522979528
2013-08-13,45.12,45.18,44.68,44.93,38.727203846348
2013-08-12,44.71,45.2,44.39,45.04,38.822017833063
2013-08-09,44.9,45.0,44.47,44.71,38.537575872919
2013-08-08,44.86,45.18,44.61,45.06,38.839256739739
2013-08-07,44.7,44.86,44.22,44.57,38.416903526191
2013-08-06,44.42,44.99,44.42,44.88,38.68410657966
2013-08-05,45.05,45.365,44.485,44.71,38.537575872919
2013-08-02,45.11,45.42,44.81,45.32,39.063362526519
2013-08-01,45.14,45.9,45.04,45.25,39.003026353155
2013-07-31,44.84,45.91,44.81,45.48,39.201273779923
2013-07-30,45.08,45.23,44.2,44.7,38.528956419581
2013-07-29,44.72,45.45,44.47,45.06,38.839256739739
2013-07-26,45.01,45.12,44.17,44.79,38.60653149962
2013-07-25,43.41,44.43,43.35,44.24,38.132461566046
2013-07-24,44.28,44.37,43.39,43.64,37.615294365783
2013-07-23,44.92,45.09,44.23,44.31,38.19279773941
2013-07-22,44.3,45.1,43.8,44.97,38.761681659699
2013-07-19,44.49,44.91,44.12,44.52,38.373806259502
2013-07-18,43.96,44.56,43.81,44.32,38.201417192748
2013-07-17,43.97,44.15,43.74,43.96,37.89111687259
2013-07-16,44.54,44.77,43.7,43.81,37.761825072524
2013-07-15,44.95,44.97,44.54,44.62,38.460000792879
2013-07-12,43.93,45.11,43.8,45.05,38.830637286401
2013-07-11,43.94,44.11,43.33,43.78,37.735966712511
2013-07-10,43.36,44.12,43.36,43.91,37.505348536586
2013-07-09,44.0,44.23,43.25,43.32,37.00140511512
2013-07-08,42.9,43.69,42.82,43.68,37.308896016353
2013-07-05,42.45,42.83,42.31,42.72,36.48892027973
2013-07-03,41.88,42.31,41.61,42.23,36.070390997495
2013-07-02,41.58,42.569,41.58,42.21,36.053308169649
2013-07-01,41.4,41.93,41.07,41.61,35.54082333426
2013-06-28,42.53,42.97,41.32,41.34,35.310205158334
2013-06-27,43.56,43.98,42.735,43.13,36.83911825058
2013-06-26,43.1,43.61,43.025,43.38,37.052653598659
2013-06-25,42.15,42.77,41.61,42.63,36.412047554422
2013-06-24,42.07,42.395,41.32,41.89,35.779982924108
2013-06-21,41.66,42.71,41.2,42.62,36.403506140499
2013-06-20,42.65,42.78,40.91,41.06,35.071045568486
2013-06-19,43.56,43.83,43.01,43.04,36.762245525271
2013-06-18,42.97,43.56,42.63,43.54,37.189316221429
2013-06-17,43.4,43.5,42.68,43.01,36.736621283502
2013-06-14,42.98,43.5,42.5,43.21,36.907449561965
2013-06-13,42.42,43.2,40.1,43.15,36.856201078426
2013-06-12,43.91,44.0,42.72,42.77,36.531627349346
2013-06-11,43.31,44.05,43.05,43.59,37.232023291045
2013-06-10,44.33,44.33,43.22,43.92,37.513889950509
2013-06-07,43.72,44.27,43.5,44.0,37.582221261894
2013-06-06,43.22,43.57,42.65,43.5,37.155150565736
2013-06-05,43.49,43.9,42.69,43.04,36.762245525271
2013-06-04,43.42,44.47,43.38,43.63,37.266188946738
2013-06-03,42.88,43.58,42.75,43.36,37.035570770812
2013-05-31,44.27,44.69,42.6825,42.69,36.463296037961
2013-05-30,44.07,45.12,44.07,44.55,38.051999027668
2013-05-29,44.89,45.18,43.79,43.88,37.479724294816
2013-05-28,45.89,46.04,44.7,45.39,38.769477797213
2013-05-24,46.25,46.48,45.3138,45.44,38.812184866829
2013-05-23,46.12,46.945,46.02,46.59,39.794447467992
2013-05-22,46.46,48.0,45.85,46.76,39.939651504686
2013-05-21,46.19,46.96,46.17,46.54,39.751740398376
2013-05-20,47.12,47.14,46.0701,46.26,39.512580808528
2013-05-17,46.03,47.34,45.85,47.17,40.289849475535
2013-05-16,46.06,46.9,46.01,46.21,39.469873738912
2013-05-15,45.72,46.93,45.48,46.03,39.316128288295
2013-05-14,44.09,45.52,44.09,45.35,38.735312141521
2013-05-13,44.79,44.79,44.17,44.54,38.043457613745
2013-05-10,44.21,45.01,44.2,45.01,38.444904068133
2013-05-09,43.34,44.45,43.25,44.24,37.78721519605
2013-05-08,45.01,45.05,43.39,43.49,37.146609151813
2013-05-07,44.5,45.0,44.4201,44.91,38.359489928902
2013-05-06,44.95,44.95,44.15,44.59,38.086164683361
2013-05-03,44.31,44.77,43.83,44.68,38.163037408669
2013-05-02,45.68,45.68,43.86,43.99,37.573679847971
2013-05-01,45.74,46.09,45.55,45.55,38.906140419984
2013-04-30,45.05,46.23,45.01,46.05,39.333211116142
2013-04-29,45.83,45.93,45.05,45.23,38.632815174443
2013-04-26,44.95,46.31,44.75,45.84,39.153841423755
2013-04-25,44.75,44.7899,43.76,44.24,37.78721519605
2013-04-24,45.14,45.34,43.94,44.32,37.855546507435
2013-04-23,44.61,46.32,44.4,45.14,38.555942449134
2013-04-22,43.0,44.83,42.88,44.2,37.753049540358
2013-04-19,42.51,42.58,42.2,42.39,36.207053620266
2013-04-18,42.37,42.64,41.89,42.32,36.147263722804
2013-04-17,42.14,42.43,41.42,42.24,36.078932411419
2013-04-16,41.67,42.53,41.13,42.45,36.258302103805
2013-04-15,42.87,43.03,41.41,41.44,35.395619297566
2013-04-12,42.97,43.29,42.62,43.09,36.804952594887
2013-04-11,43.42,43.705,43.11,43.2,36.898908148042
2013-04-10,42.65,43.77,42.5,43.62,36.915834252697
2013-04-09,41.96,43.56,41.8,42.55,36.010287653651
2013-04-08,41.27,41.87,41.07,41.77,35.350169572103
2013-04-05,41.31,41.5,41.09,41.31,34.960869165037
2013-04-04,40.77,41.78,40.624,41.6,35.206297682535
2013-04-03,40.75,41.45,40.35,40.57,34.334603292799
2013-04-02,41.22,41.22,40.52,40.71,34.453086025385
2013-04-01,39.96,41.14,39.96,41.12,34.800071170814
2013-03-28,40.26,40.8,39.775,40.78,34.512327391678
2013-03-27,40.22,40.29,39.66,40.15,33.979155095043
2013-03-26,39.57,40.52,39.57,40.21,34.029933409008
2013-03-25,39.12,39.52,38.93,39.32,33.276721751858
2013-03-22,38.57,38.97,38.3,38.97,32.980514920394
2013-03-21,38.82,38.97,38.48,38.49,32.574288408673
2013-03-20,38.5,39.19,38.41,39.06,33.056682391342
2013-03-19,38.25,38.4,37.84,38.36,32.464268728415
2013-03-18,38.05,38.49,37.99,38.16,32.295007681864
2013-03-15,37.44,38.54,37.28,38.5,32.582751461
2013-03-14,37.43,37.59,36.86,37.56,31.787224542212
2013-03-13,37.2,37.5899,37.04,37.17,31.457165501438
2013-03-12,37.7,38.3,37.05,37.17,31.457165501438
2013-03-11,37.25,38.15,37.08,37.67,31.880318117815
2013-03-08,37.64,37.65,37.16,37.34,31.601037391006
2013-03-07,37.65,38.01,37.44,37.49,31.727983175919
2013-03-06,37.56,37.86,37.37,37.74,31.939559484108
2013-03-05,38.45,38.57,37.29,37.51,31.744909280574
2013-03-04,37.53,38.25,37.53,38.24,32.362712100484
2013-03-01,36.8,38.07,36.551,37.81,31.9988008504
2013-02-28,36.66,37.14,36.5,36.92,31.24558919325
2013-02-27,36.97,36.98,36.4,36.73,31.084791199027
2013-02-26,37.6,37.6,36.96,37.09,31.389461082818
2013-02-25,38.54,38.61,37.37,37.37,31.626426547989
2013-02-22,38.79,38.85,38.14,38.46,32.54889925169
2013-02-21,38.49,39.025,38.19,38.78,32.819716926171
2013-02-20,38.16,39.13,37.61,38.61,32.675845036603
2013-02-19,37.54,38.33,37.11,38.19,32.320396838847
2013-02-15,36.93,37.81,36.93,37.58,31.804150646867
2013-02-14,35.05,36.73,35.01,36.57,30.949382361786
2013-02-13,35.42,35.57,35.15,35.27,29.849185559207
2013-02-12,35.77,35.9,35.2,35.42,29.97613134412
2013-02-11,36.13,36.18,35.75,35.85,30.340042594204
2013-02-08,36.37,36.42,35.825,36.25,30.678564687305
2013-02-07,37.57,37.57,35.8,36.42,30.822436576873
2013-02-06,36.96,37.28,36.86,37.14,31.431776344456
2013-02-05,37.42,37.73,37.18,37.2,31.482554658421
2013-02-04,36.64,37.3,36.55,37.28,31.550259077041
2013-02-01,36.84,37.2,36.52,37.18,31.465628553766
2013-01-31,36.84,36.93,36.27,36.69,31.050938989717
2013-01-30,36.81,37.525,36.81,36.93,31.254052245578
2013-01-29,36.71,37.46,36.25,37.31,31.575648234024
2013-01-28,37.65,37.87,36.71,36.89,31.220200036267
2013-01-25,37.52,37.84,36.64,37.6,31.821076751522
2013-01-24,37.79,38.52,37.23,37.46,31.702594018937
2013-01-23,36.91,37.84,36.5,37.8,31.990337798073
2013-01-22,36.98,37.25,35.93,36.42,30.822436576873
2013-01-18,36.43,37.32,36.04,37.32,31.584111286351
2013-01-17,35.75,36.7,35.75,36.42,30.822436576873
2013-01-16,34.47,35.54,34.45,35.54,30.077687972051
2013-01-15,33.71,34.72,33.71,34.6,29.282161053262
2013-01-14,34.01,34.25,33.8,34.09,28.850545384558
2013-01-11,33.59,33.9,33.35,33.85,28.647432128698
2013-01-10,33.66,34.0,33.33,34.0,28.438326784692
2013-01-09,33.61,33.95,33.61,33.9,28.35468464709
2013-01-08,34.29,34.64,33.36,33.71,28.195764585647
2013-01-07,34.15,35.45,34.15,34.46,28.823080617662
2013-01-04,34.62,34.89,34.25,34.3908,28.765200258441
2013-01-03,35.0,35.0,34.16,34.83,29.132556526789
2013-01-02,34.92,35.4,34.1,35.12,29.375118725835
