Date,Open,High,Low,Close,Adj Close
2013-10-01,119.690002,119.82,118.800003,119.620003,105.68328100000001
2013-10-02,119.129997,119.589996,118.440002,119.199997,105.312225
2013-10-03,118.709999,119.110001,117.889999,118.550003,104.737961
2013-10-04,118.370003,119.709999,118.129997,119.400002,105.488914
2013-10-07,118.559998,119.269997,118.279999,118.690002,104.86165600000001
2013-10-08,118.720001,119.220001,117.099998,117.160004,103.509911
2013-10-09,117.269997,117.959999,116.650002,117.57,103.872139
2013-10-10,118.599998,119.339996,118.32,119.339996,105.435905
2013-10-11,119.160004,120.769997,118.389999,120.720001,106.65513600000001
2013-10-14,120.260002,121.699997,120.0,121.400002,107.255928
2013-10-15,121.279999,121.379997,119.790001,119.82,105.860001
2013-10-16,120.860001,120.940002,120.139999,120.940002,106.849503
2013-10-17,120.739998,122.870003,120.709999,122.620003,108.333771
2013-10-18,122.870003,123.449997,122.400002,122.839996,108.52813700000002
2013-10-21,122.790001,123.309998,122.68,123.25,108.89036599999999
2013-10-22,123.360001,124.32,123.279999,123.800003,109.376305
2013-10-23,123.43,123.730003,122.5,123.199997,108.84619099999999
2013-10-24,122.959999,124.959999,122.699997,123.489998,109.102402
2013-10-25,123.050003,124.459999,122.870003,124.41999799999999,109.924057
2013-10-28,124.129997,125.32,123.800003,124.91999799999999,110.365784
2013-10-29,125.08000200000001,125.480003,124.620003,125.279999,110.68386100000001
2013-10-30,125.57,125.980003,124.760002,124.790001,110.250923
2013-10-31,124.970001,126.379997,124.949997,125.849998,111.187431
2013-11-01,126.760002,126.93,125.120003,125.900002,111.23162099999999
2013-11-04,125.980003,126.489998,125.559998,126.32,111.60269199999999
2013-11-05,125.75,126.459999,124.860001,126.120003,111.425995
2013-11-06,126.459999,127.32,126.230003,127.129997,112.31831399999999
2013-11-07,127.150002,127.879997,126.230003,126.410004,111.68220500000001
2013-11-08,126.029999,128.020004,126.029999,127.989998,113.07811000000001
2013-11-11,127.540001,128.169998,127.25,127.949997,113.042786
2013-11-12,128.149994,128.58999599999999,127.550003,128.360001,113.405006
2013-11-13,127.860001,128.66000400000001,127.43,128.58999599999999,113.60821499999999
2013-11-14,128.970001,130.119995,128.800003,129.78999299999998,114.668411
2013-11-15,129.149994,130.0,128.979996,129.850006,114.721428
2013-11-18,129.91000400000001,130.5,129.779999,130.130005,114.96878799999999
2013-11-19,130.020004,130.779999,129.919998,130.050003,114.89810200000001
2013-11-20,129.5,130.300003,128.550003,129.179993,114.68944499999999
2013-11-21,129.690002,130.41000400000001,129.58999599999999,130.350006,115.728241
2013-11-22,130.360001,132.550003,129.820007,131.020004,116.323074
2013-11-25,131.800003,131.869995,130.940002,131.229996,116.509506
2013-11-26,131.449997,132.639999,131.330002,132.149994,117.32629399999999
2013-11-27,132.630005,133.649994,131.940002,133.5,118.524887
2013-11-29,133.509995,134.16000400000001,133.33999599999999,133.509995,118.533791
2013-12-02,131.669998,132.0,127.389999,127.68,113.35774199999999
2013-12-03,126.059998,127.389999,125.150002,126.599998,112.39888799999999
2013-12-04,125.949997,127.589996,125.489998,126.459999,112.27458999999999
2013-12-05,126.400002,127.650002,126.220001,126.83000200000001,112.603081
2013-12-06,128.190002,128.800003,127.849998,128.610001,114.183411
2013-12-09,128.800003,129.179993,128.389999,128.570007,114.147903
2013-12-10,128.070007,128.529999,127.529999,127.550003,113.242332
2013-12-11,128.740005,129.66000400000001,126.709999,126.769997,112.549797
2013-12-12,126.629997,127.389999,125.980003,126.58000200000001,112.381142
2013-12-13,126.650002,127.349998,125.980003,126.43,112.247955
2013-12-16,126.769997,128.770004,126.470001,127.660004,113.33998100000001
2013-12-17,130.419998,131.619995,129.979996,131.389999,116.651596
2013-12-18,131.479996,135.809998,131.479996,135.800003,120.566895
2013-12-19,135.059998,136.520004,134.729996,136.41000400000001,121.10845900000001
2013-12-20,136.779999,138.08999599999999,136.600006,136.720001,121.38368999999999
2013-12-23,137.100006,137.429993,136.320007,136.800003,121.45472
2013-12-24,137.229996,137.33999599999999,136.350006,136.990005,121.623421
2013-12-26,137.300003,138.679993,137.029999,138.28999299999998,122.777542
2013-12-27,138.779999,139.399994,138.550003,139.350006,123.71866599999998
2013-12-30,139.080002,139.649994,138.78999299999998,139.419998,123.78080700000001
2013-12-31,140.0,140.429993,139.479996,140.25,124.517715
2014-01-02,138.050003,139.0,137.610001,138.130005,122.63551299999999
2014-01-03,138.369995,138.880005,138.029999,138.449997,122.91960900000001
2014-01-06,138.75,139.28999299999998,137.479996,137.630005,122.19160500000001
2014-01-07,137.449997,138.199997,137.130005,137.649994,122.209351
2014-01-08,137.479996,137.75,136.33999599999999,136.630005,121.303795
2014-01-09,137.020004,137.429993,136.199997,136.449997,121.14396699999999
2014-01-10,136.949997,137.190002,135.679993,136.179993,120.90425900000001
2014-01-13,135.809998,137.059998,134.570007,134.679993,119.572525
2014-01-14,135.110001,137.41000400000001,134.740005,137.41000400000001,121.996269
2014-01-15,137.770004,138.820007,137.559998,138.440002,122.91075900000001
2014-01-16,137.740005,138.5,137.630005,138.16000400000001,122.66216999999999
2014-01-17,137.979996,138.75,136.979996,137.309998,121.907509
2014-01-21,138.449997,138.949997,136.300003,136.990005,121.623421
2014-01-22,137.350006,137.490005,136.330002,136.479996,121.170601
2014-01-23,135.639999,135.66000400000001,133.949997,134.71000700000002,119.59918200000001
2014-01-24,133.729996,133.729996,130.220001,130.220001,115.612816
2014-01-27,130.020004,130.58999599999999,128.66000400000001,128.96000700000002,114.494156
2014-01-28,129.429993,130.009995,129.100006,129.809998,115.248802
2014-01-29,130.100006,131.270004,129.0,130.25,115.639458
2014-01-30,129.96000700000002,129.96000700000002,126.529999,128.050003,113.686226
2014-01-31,126.599998,129.199997,126.41999799999999,128.190002,113.810524
2014-02-03,128.220001,128.58999599999999,123.610001,123.900002,110.001747
2014-02-04,126.089996,127.639999,124.120003,126.720001,112.50543200000001
2014-02-05,128.009995,128.759995,125.91999799999999,127.360001,113.073624
2014-02-06,127.599998,129.199997,127.099998,128.899994,114.44088
2014-02-07,129.570007,130.389999,128.809998,130.330002,115.71048
2014-02-10,129.649994,130.41000400000001,129.020004,129.699997,115.151146
2014-02-11,129.699997,131.490005,129.649994,130.979996,116.287567
2014-02-12,130.33999599999999,131.0,130.009995,130.440002,116.569069
2014-02-13,129.28999299999998,130.380005,128.66000400000001,130.139999,116.300964
2014-02-14,129.770004,132.190002,129.5,132.119995,118.07040400000001
2014-02-18,132.309998,132.75,131.639999,131.800003,117.78443899999999
2014-02-19,131.330002,132.71000700000002,130.46000700000002,130.559998,116.67631499999999
2014-02-20,130.649994,132.029999,130.050003,131.559998,117.56995400000001
2014-02-21,131.559998,132.330002,131.300003,131.570007,117.578926
2014-02-24,131.889999,133.46000700000002,131.440002,132.199997,118.14193700000001
2014-02-25,132.270004,133.429993,131.860001,132.929993,118.794273
2014-02-26,133.130005,133.46000700000002,132.279999,132.860001,118.731728
2014-02-27,132.630005,134.580002,132.0,134.33999599999999,120.05432900000001
2014-02-28,134.190002,135.199997,133.919998,134.729996,120.40287
2014-03-03,133.070007,133.809998,131.669998,132.21000700000002,118.150856
2014-03-04,131.919998,133.080002,131.580002,132.679993,118.570877
2014-03-05,132.66000400000001,134.029999,132.190002,133.850006,119.61646299999998
2014-03-06,134.369995,134.740005,134.020004,134.080002,119.822014
2014-03-07,134.880005,135.0,133.71000700000002,134.110001,119.848831
2014-03-10,133.979996,134.080002,133.100006,133.559998,119.357285
2014-03-11,133.729996,133.83999599999999,132.229996,132.509995,118.41893799999998
2014-03-12,132.070007,132.759995,131.58999599999999,132.570007,118.47256499999999
2014-03-13,133.190002,133.669998,130.639999,130.809998,116.89971899999999
2014-03-14,130.080002,131.110001,129.699997,129.830002,116.023949
2014-03-17,130.66000400000001,132.690002,130.66000400000001,132.270004,118.204453
2014-03-18,132.490005,133.229996,132.25,132.740005,118.624496
2014-03-19,132.75,132.850006,130.580002,131.229996,117.275047
2014-03-20,131.149994,132.850006,130.860001,132.429993,118.347443
2014-03-21,133.580002,134.240005,132.899994,133.119995,118.96404299999999
2014-03-24,133.320007,133.699997,131.880005,132.419998,118.33852399999999
2014-03-25,133.66000400000001,134.529999,132.899994,134.059998,119.804123
2014-03-26,134.66000400000001,134.889999,133.08999599999999,133.08999599999999,118.93726299999999
2014-03-27,132.820007,133.490005,132.179993,132.83999599999999,118.713844
2014-03-28,133.580002,134.970001,133.179993,134.199997,119.929253
2014-03-31,134.610001,135.869995,134.580002,135.66000400000001,121.23400900000001
2014-04-01,135.880005,136.649994,135.669998,136.529999,122.011429
2014-04-02,135.990005,136.25,135.330002,136.0,121.53780400000001
2014-04-03,136.220001,137.190002,135.699997,136.139999,121.662949
2014-04-04,136.899994,137.770004,135.770004,135.860001,121.412682
2014-04-07,135.809998,136.25,134.389999,134.399994,120.107964
2014-04-08,134.440002,135.149994,133.429993,134.83999599999999,120.50116000000001
2014-04-09,135.0,135.869995,134.5,135.83999599999999,121.39484399999999
2014-04-10,135.729996,136.429993,133.899994,133.970001,119.723694
2014-04-11,133.369995,133.83999599999999,132.389999,132.389999,118.311714
2014-04-14,133.449997,133.520004,132.020004,133.149994,118.990898
2014-04-15,133.270004,134.350006,132.020004,134.08999599999999,119.830894
2014-04-16,135.169998,136.779999,134.809998,136.770004,122.22590600000001
2014-04-17,137.300003,138.25,137.25,137.729996,123.08386999999999
2014-04-21,137.25,138.71000700000002,137.179993,138.619995,123.879204
2014-04-22,138.5,139.520004,138.130005,138.889999,124.120499
2014-04-23,138.809998,138.889999,137.889999,137.990005,123.316193
2014-04-24,136.380005,136.990005,135.0,136.649994,122.118706
2014-04-25,136.5,136.96000700000002,135.690002,136.559998,122.038269
2014-04-28,137.429993,138.350006,135.970001,137.229996,122.637009
2014-04-29,137.869995,137.899994,136.559998,137.550003,122.922997
2014-04-30,137.630005,139.199997,137.330002,139.08999599999999,124.29924799999999
2014-05-01,139.5,141.490005,139.119995,140.809998,125.83633400000001
2014-05-02,141.630005,141.830002,139.869995,140.119995,125.219696
2014-05-05,139.139999,141.050003,138.649994,140.610001,125.65759299999999
2014-05-06,140.279999,140.429993,139.169998,139.28999299999998,124.47793600000001
2014-05-07,139.979996,141.25,139.179993,141.139999,126.13121000000001
2014-05-08,140.880005,142.119995,140.509995,140.830002,125.85419499999999
2014-05-09,140.559998,141.369995,140.25,141.33999599999999,126.30998999999998
2014-05-12,141.779999,142.940002,141.71000700000005,142.820007,127.63259099999999
2014-05-13,143.0,143.369995,142.320007,142.429993,127.284035
2014-05-14,142.479996,142.770004,141.41000400000001,141.600006,126.54231999999999
2014-05-15,141.559998,141.740005,140.020004,140.979996,125.988258
2014-05-16,140.929993,141.199997,139.91000400000001,141.130005,126.122299
2014-05-19,140.070007,142.0,139.979996,141.669998,126.604881
2014-05-20,141.600006,141.899994,139.889999,140.229996,125.31796999999999
2014-05-21,139.770004,140.78999299999995,139.770004,140.66000400000001,126.473404
2014-05-22,140.71000700000002,140.96000700000005,140.259995,140.309998,126.15869099999999
2014-05-23,140.229996,141.179993,140.050003,141.139999,126.90498400000001
2014-05-27,141.5,141.600006,141.130005,141.440002,127.174751
2014-05-28,141.809998,141.899994,141.059998,141.429993,127.165749
2014-05-29,141.5,142.429993,141.190002,142.389999,128.028946
2014-05-30,142.110001,142.669998,141.779999,142.550003,128.172806
2014-06-02,142.270004,142.91000400000001,141.690002,142.320007,127.965988
2014-06-03,142.080002,143.130005,141.610001,142.889999,128.478485
2014-06-04,142.91000400000001,143.0,142.259995,142.259995,127.91201799999999
2014-06-05,142.759995,143.740005,141.899994,143.71000700000005,129.21582
2014-06-06,143.990005,144.639999,143.529999,144.639999,130.052032
2014-06-09,144.639999,145.529999,144.610001,145.320007,130.663422
2014-06-10,144.970001,145.21000700000005,144.46000700000005,144.970001,130.348709
2014-06-11,144.66000400000001,144.970001,144.190002,144.41000400000001,129.84523000000002
2014-06-12,144.949997,144.949997,142.779999,143.070007,128.64033500000002
2014-06-13,143.190002,143.75,142.830002,143.360001,128.901108
2014-06-16,142.929993,143.529999,142.600006,143.320007,128.865143
2014-06-17,143.009995,143.990005,142.639999,143.690002,129.1978
2014-06-18,143.929993,144.389999,142.770004,144.330002,129.77328500000002
2014-06-19,144.529999,144.720001,143.990005,144.490005,129.917114
2014-06-20,144.53999299999995,145.300003,144.199997,145.16000400000001,130.519577
2014-06-23,145.100006,145.300003,144.009995,144.08999599999999,129.55748
2014-06-24,143.71000700000005,144.619995,143.050003,143.08999599999999,128.658325
2014-06-25,143.0,144.380005,142.880005,143.649994,129.161819
2014-06-26,143.75,143.990005,142.559998,143.729996,129.23378
2014-06-27,143.169998,144.070007,143.059998,143.690002,129.1978
2014-06-30,143.919998,143.929993,143.059998,143.240005,128.793198
2014-07-01,143.41000400000001,144.820007,143.380005,144.559998,129.980072
2014-07-02,144.229996,145.300003,143.559998,145.229996,130.582458
2014-07-03,145.25,145.729996,145.0,145.41000400000001,130.74430800000002
2014-07-07,145.479996,145.580002,144.5,144.91000400000001,130.294754
2014-07-08,145.220001,145.399994,144.479996,144.559998,129.980072
2014-07-09,144.779999,145.03999299999995,144.029999,144.679993,130.087967
2014-07-10,143.5,144.199997,143.240005,143.889999,129.377594
2014-07-11,144.139999,144.490005,143.53999299999995,144.309998,129.75526399999998
2014-07-14,144.990005,145.71000700000005,144.75,145.0,130.375687
2014-07-15,145.0,145.479996,144.360001,145.059998,130.429642
2014-07-16,145.279999,146.25,145.029999,146.169998,131.427673
2014-07-17,145.330002,145.669998,143.449997,143.53999299999995,129.062927
2014-07-18,143.830002,145.059998,143.53999299999995,144.830002,130.222809
2014-07-21,144.66000400000001,144.869995,143.649994,144.300003,129.746307
2014-07-22,144.889999,145.669998,144.889999,145.119995,130.483582
2014-07-23,145.33999599999999,145.449997,144.529999,144.679993,130.087967
2014-07-24,145.509995,146.429993,144.470001,145.130005,130.492599
2014-07-25,145.66000400000001,145.940002,144.58999599999999,145.119995,130.483582
2014-07-28,144.919998,145.630005,143.779999,145.529999,130.852219
2014-07-29,145.220001,146.270004,143.990005,144.020004,129.494537
2014-07-30,144.259995,144.779999,143.520004,143.740005,129.242752
2014-07-31,143.330002,143.550003,140.600006,140.889999,126.680199
2014-08-01,140.149994,141.03999299999995,139.080002,140.110001,125.978889
2014-08-04,140.149994,140.979996,139.21000700000002,140.75,126.55430600000001
2014-08-05,140.619995,141.119995,139.33999599999999,139.779999,125.68215900000001
2014-08-06,139.139999,139.940002,138.429993,139.550003,125.47538
2014-08-07,140.050003,140.369995,138.96000700000002,139.130005,125.097702
2014-08-08,139.300003,140.889999,138.889999,140.850006,126.644241
2014-08-11,140.929993,141.5,140.53999299999998,140.580002,126.401474
2014-08-12,140.619995,141.21000700000005,140.429993,140.880005,126.671227
2014-08-13,141.350006,141.830002,140.919998,141.800003,127.498428
2014-08-14,142.0,142.389999,141.850006,142.33999599999999,127.983948
2014-08-15,142.809998,142.979996,141.020004,141.919998,127.606323
2014-08-18,142.75,144.190002,142.58999599999999,144.119995,129.584427
2014-08-19,144.470001,145.009995,143.809998,144.25,129.701324
2014-08-20,143.860001,144.820007,143.5,144.600006,130.79122900000002
2014-08-21,144.779999,144.990005,144.350006,144.5,130.700775
2014-08-22,144.5,144.830002,144.020004,144.130005,130.366135
2014-08-25,144.66000400000001,144.990005,144.419998,144.699997,130.881714
2014-08-26,145.0,145.389999,144.570007,144.600006,130.79122900000002
2014-08-27,144.429993,144.860001,143.630005,143.940002,130.19429
2014-08-28,143.320007,144.119995,143.020004,143.979996,130.230453
2014-08-29,144.059998,144.389999,143.179993,144.0,130.24855
2014-09-02,143.300003,144.610001,143.300003,144.220001,130.447556
2014-09-03,144.470001,144.720001,143.550003,143.820007,130.085739
2014-09-04,144.21000700000005,144.649994,143.350006,143.610001,129.89579799999998
2014-09-05,143.639999,144.320007,143.149994,144.199997,130.429474
2014-09-08,144.41000400000001,145.449997,144.110001,144.889999,131.053543
2014-09-09,144.699997,145.259995,144.25,144.46000700000005,130.664612
2014-09-10,144.630005,144.990005,144.0,144.639999,130.82745400000002
2014-09-11,143.990005,144.380005,143.600006,144.350006,130.56513999999999
2014-09-12,144.449997,144.449997,143.5,143.940002,130.19429
2014-09-15,144.169998,144.690002,143.66000400000001,144.479996,130.682739
2014-09-16,143.800003,144.990005,143.58999599999999,144.850006,131.017395
2014-09-17,144.919998,145.78999299999995,144.270004,145.369995,131.487701
2014-09-18,145.699997,147.059998,145.690002,146.83999599999999,132.817322
2014-09-19,147.419998,147.869995,146.520004,146.690002,132.681671
2014-09-22,146.919998,147.0,145.5,145.71000700000005,131.795288
2014-09-23,145.229996,145.600006,144.350006,144.369995,130.583221
2014-09-24,144.169998,145.119995,143.720001,144.880005,131.044525
2014-09-25,144.41000400000001,144.46000700000005,142.070007,142.479996,128.873734
2014-09-26,142.520004,142.889999,140.979996,142.419998,128.819443
2014-09-29,140.940002,142.33999599999999,140.66000400000001,142.190002,128.611389
2014-09-30,142.5,142.899994,141.279999,141.679993,128.150116
2014-10-01,141.16000400000001,141.669998,138.720001,139.179993,125.88883999999999
2014-10-02,138.570007,139.320007,137.949997,138.669998,125.427544
2014-10-03,139.330002,140.449997,138.570007,140.169998,126.78429399999999
2014-10-06,140.550003,141.279999,139.58999599999999,140.33999599999999,126.93809499999999
2014-10-07,138.820007,140.179993,137.66000400000001,137.679993,124.532074
2014-10-08,138.25,141.479996,137.720001,141.41000400000001,127.905899
2014-10-09,141.149994,141.5,138.330002,138.639999,125.40043600000001
2014-10-10,139.330002,139.600006,133.820007,133.830002,121.04976699999999
2014-10-13,134.259995,135.350006,131.009995,132.899994,120.208549
2014-10-14,133.649994,135.940002,133.21000700000002,134.179993,121.366325
2014-10-15,132.559998,134.639999,130.600006,134.220001,121.402496
2014-10-16,133.419998,135.970001,132.75,135.050003,122.15322900000001
2014-10-17,135.75,137.850006,135.75,137.399994,124.278801
2014-10-20,137.149994,137.75,136.759995,137.600006,124.45976999999999
2014-10-21,138.399994,141.100006,138.33999599999999,140.929993,127.471718
2014-10-22,140.899994,141.08999599999999,138.699997,138.949997,125.68079399999999
2014-10-23,141.919998,147.919998,141.919998,145.050003,131.198273
2014-10-24,145.0,148.78999299999995,144.809998,148.58999599999999,134.400238
2014-10-27,148.08999599999999,149.71000700000005,147.33999599999999,149.559998,135.27758799999998
2014-10-28,149.830002,151.130005,149.559998,151.059998,136.63433799999999
2014-10-29,151.389999,151.729996,150.199997,151.009995,136.589111
2014-10-30,150.490005,152.399994,150.0,152.100006,137.575027
2014-10-31,153.830002,154.440002,153.08999599999999,153.770004,139.085587
2014-11-03,153.139999,154.389999,152.979996,153.300003,138.660446
2014-11-04,153.919998,155.229996,153.240005,155.050003,140.243332
2014-11-05,155.679993,156.240005,154.139999,155.690002,140.822174
2014-11-06,155.690002,156.679993,155.21000700000005,156.050003,141.147781
2014-11-07,156.149994,156.619995,155.479996,156.550003,141.600052
2014-11-10,156.25,157.71000700000005,156.050003,157.66000400000001,142.604095
2014-11-11,157.949997,158.0,156.649994,157.110001,142.106598
2014-11-12,156.649994,157.869995,156.5,157.679993,142.622162
2014-11-13,158.0,159.070007,157.479996,158.350006,143.228165
2014-11-14,158.529999,158.880005,157.71000700000005,158.850006,143.68042
2014-11-17,158.08999599999999,159.16000400000001,158.08999599999999,158.690002,143.535706
2014-11-18,158.880005,160.46000700000005,158.850006,160.149994,144.85626200000004
2014-11-19,159.330002,159.41000400000001,157.970001,158.830002,144.433426
2014-11-20,158.190002,159.550003,157.83999599999999,159.360001,144.915375
2014-11-21,160.309998,160.860001,159.58999599999999,160.16000400000001,145.642853
2014-11-24,160.16000400000001,160.559998,159.41000400000001,159.880005,145.38826
2014-11-25,159.0,159.679993,158.059998,158.059998,143.73323100000005
2014-11-26,157.970001,158.449997,157.5,158.309998,143.960571
2014-11-28,159.580002,160.820007,158.800003,160.08999599999999,145.579239
2014-12-01,158.350006,159.509995,157.860001,158.16000400000001,143.824173
2014-12-02,158.779999,160.779999,158.53999299999995,160.600006,146.042999
2014-12-03,161.100006,162.440002,160.169998,162.259995,147.55252099999996
2014-12-04,162.0,162.919998,160.899994,162.259995,147.55252099999996
2014-12-05,162.399994,162.899994,161.880005,162.270004,147.561615
2014-12-08,162.100006,162.800003,160.100006,160.929993,146.343094
2014-12-09,159.889999,161.100006,159.110001,160.830002,146.252151
2014-12-10,160.71000700000005,160.809998,157.699997,158.240005,143.896927
2014-12-11,159.179993,160.220001,158.419998,159.149994,144.72439599999996
2014-12-12,158.559998,158.990005,157.119995,157.119995,142.878433
2014-12-15,158.119995,158.440002,155.58999599999999,156.850006,142.632919
2014-12-16,157.259995,161.440002,157.080002,159.050003,144.63353
2014-12-17,159.28999299999995,160.889999,157.779999,160.600006,146.042999
2014-12-18,162.399994,165.300003,162.0,165.300003,150.316986
2014-12-19,164.779999,166.08999599999999,164.360001,165.479996,150.48066699999995
2014-12-22,166.220001,167.309998,166.139999,167.270004,152.10841399999995
2014-12-23,168.020004,168.16000400000001,166.869995,166.869995,151.744659
2014-12-24,166.169998,167.610001,166.169998,166.96000700000005,151.826523
2014-12-26,167.33999599999999,167.809998,166.149994,166.259995,151.189957
2014-12-29,166.300003,167.119995,165.809998,166.71000700000005,151.599197
2014-12-30,166.550003,166.740005,165.279999,165.83999599999999,150.808029
2014-12-31,166.0,167.169998,164.199997,164.320007,149.425797
2015-01-02,164.71000700000005,165.080002,162.729996,164.059998,149.189377
2015-01-05,163.0,163.639999,160.080002,160.360001,145.824738
2015-01-06,160.820007,161.369995,157.740005,158.649994,144.269745
2015-01-07,159.899994,160.279999,158.940002,159.800003,145.315506
2015-01-08,160.649994,163.690002,160.520004,163.630005,148.79835500000004
2015-01-09,163.850006,164.0,161.270004,161.619995,146.970551
2015-01-12,162.389999,162.389999,160.020004,160.740005,146.170303
2015-01-13,162.229996,164.380005,159.449997,160.619995,146.061172
2015-01-14,159.03999299999995,160.529999,158.5,159.83999599999999,145.351913
2015-01-15,160.889999,161.440002,159.369995,159.66000400000001,145.18821699999995
2015-01-16,159.860001,162.179993,159.08999599999999,162.0,147.316101
2015-01-20,162.720001,163.399994,160.059998,161.940002,147.261536
2015-01-21,161.66000400000001,163.369995,161.020004,162.53999299999995,147.807159
2015-01-22,163.259995,165.990005,162.130005,165.889999,150.85351599999996
2015-01-23,165.75,165.979996,163.91000400000001,164.020004,149.153046
2015-01-26,163.619995,164.279999,161.800003,164.240005,149.35308799999999
2015-01-27,162.309998,165.139999,160.940002,163.630005,148.79835500000004
2015-01-28,164.610001,166.570007,163.759995,163.940002,149.080246
2015-01-29,164.070007,166.16000400000001,162.880005,166.130005,151.071762
2015-01-30,164.75,165.220001,162.300003,162.300003,147.588882
2015-02-02,162.119995,164.619995,160.889999,164.419998,149.516739
2015-02-03,165.169998,166.190002,164.71000700000005,165.940002,150.898987
2015-02-04,165.779999,165.830002,164.240005,164.809998,149.871429
2015-02-05,165.309998,166.58999599999999,164.75,166.550003,151.453674
2015-02-06,166.229996,167.679993,165.559998,166.070007,151.017197
2015-02-09,164.380005,165.53999299999995,163.83999599999999,164.83999599999999,149.898666
2015-02-10,165.399994,166.139999,164.600006,165.820007,150.789841
2015-02-11,164.520004,164.970001,163.470001,164.479996,150.501633
2015-02-12,164.929993,165.949997,164.850006,165.91000400000001,151.81011999999996
2015-02-13,165.899994,166.619995,165.330002,165.940002,151.837555
2015-02-17,165.940002,166.919998,165.08999599999999,166.919998,152.734268
2015-02-18,166.919998,167.509995,166.009995,167.399994,153.173462
2015-02-19,167.399994,167.550003,166.580002,167.08999599999999,152.889801
2015-02-20,166.740005,168.270004,165.130005,168.119995,153.83226000000005
2015-02-23,168.139999,168.869995,167.699997,168.809998,154.463654
2015-02-24,168.270004,169.25,168.070007,169.119995,154.747269
2015-02-25,168.970001,169.66000400000001,168.619995,168.889999,154.536835
2015-02-26,168.850006,169.979996,168.639999,169.610001,155.195648
2015-02-27,169.66000400000001,169.75,168.559998,168.649994,154.31724499999999
2015-03-02,168.16000400000001,170.5,168.119995,170.5,156.010025
2015-03-03,169.570007,169.600006,167.360001,168.270004,153.969543
2015-03-04,168.259995,168.259995,166.46000700000005,167.16000400000001,152.95388799999995
2015-03-05,167.21000700000005,167.699997,166.690002,167.570007,153.32901
2015-03-06,166.5,166.770004,164.009995,164.360001,150.39181499999995
2015-03-09,164.720001,166.779999,164.509995,166.369995,152.23100300000004
2015-03-10,164.809998,164.860001,162.25,162.259995,148.470291
2015-03-11,162.699997,163.220001,161.66000400000001,161.729996,147.985352
2015-03-12,162.58999599999999,164.520004,162.570007,164.470001,150.49246200000005
2015-03-13,164.020004,164.389999,161.779999,162.740005,148.909515
2015-03-16,163.580002,166.270004,163.580002,166.21000700000005,152.084595
2015-03-17,165.520004,165.529999,163.380005,164.229996,150.272873
2015-03-18,163.16000400000001,166.949997,162.050003,166.470001,152.32247900000004
2015-03-19,166.16000400000001,166.21000700000005,164.850006,165.66000400000001,151.581314
2015-03-20,166.08999599999999,167.130005,165.389999,166.490005,152.34079
2015-03-23,166.830002,166.91000400000001,165.830002,166.130005,152.01139799999999
2015-03-24,165.580002,167.649994,165.529999,166.320007,152.185242
2015-03-25,166.240005,166.520004,162.66000400000001,162.699997,148.872894
2015-03-26,162.0,163.369995,161.21000700000005,162.58999599999999,148.77226299999995
2015-03-27,162.360001,163.899994,162.020004,163.5,149.604919
2015-03-30,164.199997,166.770004,164.199997,166.050003,151.93817099999995
2015-03-31,165.41000400000001,166.0,164.619995,164.949997,150.931656
2015-04-01,164.28999299999995,164.53999299999995,161.899994,162.520004,148.70820600000005
2015-04-02,163.380005,163.970001,162.119995,162.800003,148.964417
2015-04-06,161.66000400000001,165.990005,161.399994,165.479996,151.416641
2015-04-07,165.399994,167.570007,165.279999,166.21000700000005,152.084595
2015-04-08,166.21000700000005,167.220001,165.21000700000005,166.270004,152.139511
2015-04-09,166.25,167.179993,165.080002,166.78999299999995,152.61531100000005
2015-04-10,167.5,167.699997,166.220001,167.070007,152.871521
2015-04-13,166.759995,167.360001,165.600006,165.83999599999999,151.746033
2015-04-14,165.320007,166.479996,164.169998,165.990005,151.883255
2015-04-15,166.720001,167.33999599999999,165.860001,166.440002,152.295044
2015-04-16,165.729996,166.649994,165.100006,165.889999,151.791809
2015-04-17,164.529999,164.53999299999995,161.130005,161.71000700000005,147.967056
2015-04-20,163.0,165.389999,162.729996,164.509995,150.529053
2015-04-21,165.649994,165.699997,163.619995,164.0,150.06243899999996
2015-04-22,163.809998,164.889999,162.570007,164.669998,150.675476
2015-04-23,159.53999299999995,161.449997,158.610001,159.66000400000001,146.091248
2015-04-24,159.809998,159.809998,157.850006,158.990005,145.478195
2015-04-27,159.479996,160.070007,157.809998,157.979996,144.554001
2015-04-28,157.690002,158.360001,156.179993,158.330002,144.874268
2015-04-29,157.419998,157.929993,156.179993,156.970001,143.629868
2015-04-30,156.820007,157.919998,156.009995,156.389999,143.099152
2015-05-01,156.78999299999995,158.08999599999999,156.78999299999995,157.679993,144.279526
2015-05-04,158.399994,159.850006,157.880005,159.020004,145.50564599999996
2015-05-05,158.860001,159.449997,157.41000400000001,157.91000400000001,144.48998999999995
2015-05-06,157.919998,159.080002,156.550003,157.639999,144.24293500000005
2015-05-07,157.229996,159.199997,157.229996,158.610001,145.130463
2015-05-08,160.25,161.399994,160.059998,160.600006,146.95137
2015-05-11,160.259995,161.0,159.800003,159.899994,146.310867
2015-05-12,158.71000700000005,160.399994,158.009995,160.070007,146.46641499999996
2015-05-13,160.429993,161.740005,160.360001,161.309998,147.601013
2015-05-14,162.08999599999999,163.300003,161.800003,163.149994,149.284653
2015-05-15,163.149994,163.770004,162.649994,163.300003,149.421906
2015-05-18,163.0,163.58999599999999,162.309998,162.869995,149.028458
2015-05-19,163.070007,163.58999599999999,162.550003,163.119995,149.25718700000004
2015-05-20,162.419998,163.070007,161.83999599999999,161.899994,149.077621
2015-05-21,161.899994,162.350006,161.800003,162.059998,149.22496
2015-05-22,161.990005,162.330002,160.66000400000001,160.979996,148.23053000000004
2015-05-26,160.979996,161.320007,159.03999299999995,159.58999599999999,146.950592
2015-05-27,159.820007,161.309998,159.529999,161.020004,148.267334
2015-05-28,160.350006,160.889999,159.610001,160.869995,148.129196
2015-05-29,160.440002,160.78999299999995,158.740005,159.080002,146.480972
2015-06-01,159.100006,159.759995,158.570007,158.979996,146.388901
2015-06-02,158.279999,159.880005,157.949997,159.080002,146.480972
2015-06-03,159.610001,160.5,158.979996,160.16000400000001,147.475433
2015-06-04,159.509995,160.380005,158.08999599999999,158.350006,145.80879199999995
2015-06-05,157.5,157.970001,156.970001,157.080002,144.63942
2015-06-08,156.5,157.41000400000001,156.300003,156.58999599999999,144.188202
2015-06-09,156.850006,158.259995,156.600006,156.979996,144.547302
2015-06-10,156.949997,159.570007,156.949997,159.03999299999995,146.444153
2015-06-11,159.119995,160.360001,159.0,159.860001,147.199219
2015-06-12,159.850006,159.990005,157.880005,158.03999299999995,145.523346
2015-06-15,157.080002,157.320007,155.389999,155.869995,143.525192
2015-06-16,155.490005,157.03999299999995,155.369995,156.490005,144.0961
2015-06-17,156.600006,157.58999599999999,155.75,156.949997,144.519669
2015-06-18,157.58999599999999,160.240005,157.389999,159.619995,146.978241
2015-06-19,159.360001,159.880005,158.940002,158.949997,146.361298
2015-06-22,159.850006,160.699997,159.449997,159.679993,147.03346299999995
2015-06-23,160.41000400000001,160.869995,159.509995,159.83999599999999,147.180801
2015-06-24,159.679993,159.96000700000005,157.53999299999995,157.53999299999995,145.062958
2015-06-25,157.850006,158.320007,155.919998,155.919998,143.57124299999995
2015-06-26,156.16000400000001,157.990005,155.929993,157.08999599999999,144.64858999999996
2015-06-29,155.919998,156.440002,153.919998,153.949997,141.757248
2015-06-30,155.0,155.300003,154.070007,154.300003,142.079575
2015-07-01,156.130005,156.429993,154.66000400000001,155.649994,143.322632
2015-07-02,156.080002,156.080002,154.899994,155.380005,143.07402
2015-07-06,153.889999,155.580002,153.830002,155.080002,142.79776
2015-07-07,155.139999,155.630005,153.16000400000001,155.429993,143.120056
2015-07-08,154.080002,154.5,152.699997,152.71000700000005,140.615479
2015-07-09,154.58999599999999,155.5,153.75,153.75,141.57312
2015-07-10,154.740005,155.860001,154.5,154.949997,142.678055
2015-07-13,156.419998,156.770004,155.649994,156.470001,144.077682
2015-07-14,156.490005,157.080002,156.279999,156.779999,144.36312900000001
2015-07-15,156.570007,157.0,155.899994,156.0,143.644913
2015-07-16,157.580002,157.940002,156.690002,157.169998,144.72226
2015-07-17,156.5,157.369995,156.429993,156.690002,144.280304
2015-07-20,156.770004,157.649994,156.270004,157.119995,144.676208
2015-07-21,156.75,157.179993,155.33999599999999,155.759995,143.42391999999995
2015-07-22,155.58999599999999,156.309998,154.440002,155.41000400000001,143.10163899999995
2015-07-23,151.919998,153.690002,149.020004,149.5,137.659744
2015-07-24,148.860001,150.800003,148.699997,149.330002,137.503189
2015-07-27,148.639999,149.0,147.699997,148.71000700000005,136.93228100000002
2015-07-28,148.850006,151.720001,148.320007,151.110001,139.142197
2015-07-29,151.440002,151.690002,150.71000700000005,151.449997,139.455307
2015-07-30,151.0,151.729996,150.330002,151.570007,139.565796
2015-07-31,152.529999,152.809998,151.029999,151.33999599999999,139.354004
2015-08-03,150.78999299999995,151.779999,148.940002,150.119995,138.23062099999999
2015-08-04,150.929993,151.53999299999995,150.110001,150.399994,138.488449
2015-08-05,151.850006,153.240005,150.919998,151.009995,139.050095
2015-08-06,150.889999,151.220001,148.899994,149.259995,137.438705
2015-08-07,148.479996,150.0,148.16000400000001,148.889999,137.098038
2015-08-10,150.0,151.399994,149.889999,151.240005,139.261932
2015-08-11,150.0,150.0,148.259995,148.479996,136.72048999999998
2015-08-12,147.240005,148.71000700000005,146.070007,148.520004,136.757339
2015-08-13,148.0,148.559998,147.080002,147.399994,135.726013
2015-08-14,147.66000400000001,148.509995,147.320007,148.279999,136.53636200000003
2015-08-17,147.429993,149.309998,146.360001,149.240005,137.420303
2015-08-18,148.630005,148.919998,147.880005,148.309998,136.56398000000002
2015-08-19,146.199997,147.550003,145.279999,145.869995,135.251968
2015-08-20,144.509995,144.869995,143.33999599999999,143.350006,132.915375
2015-08-21,143.520004,145.320007,141.919998,142.08999599999999,131.74710100000001
2015-08-24,137.119995,142.08999599999999,134.0,138.580002,128.49263
2015-08-25,141.860001,142.059998,137.389999,137.639999,127.62104
2015-08-26,140.0,142.78999299999995,138.529999,142.720001,132.331299
2015-08-27,143.75,144.949997,141.330002,143.899994,133.42533899999998
2015-08-28,143.020004,144.320007,142.800003,144.21000700000005,133.712784
2015-08-31,143.0,143.830002,142.020004,142.139999,131.79345700000002
2015-09-01,139.479996,140.490005,137.940002,138.5,128.418427
2015-09-02,140.53999299999998,141.240005,139.240005,141.240005,130.95898400000002
2015-09-03,141.940002,142.899994,141.309998,141.740005,131.422623
2015-09-04,139.940002,140.669998,139.16000400000001,139.83999599999999,129.660873
2015-09-08,142.050003,143.550003,141.520004,143.429993,132.98956299999998
2015-09-09,144.860001,145.350006,140.570007,140.860001,130.606674
2015-09-10,141.0,141.91000400000001,140.149994,140.779999,130.532471
2015-09-11,140.610001,141.330002,139.770004,141.259995,130.977509
2015-09-14,141.520004,141.580002,140.029999,140.809998,130.560303
2015-09-15,141.559998,143.83999599999999,141.03999299999995,143.600006,133.147232
2015-09-16,143.509995,144.46000700000005,143.21000700000005,144.199997,133.703552
2015-09-17,143.809998,145.550003,142.520004,142.949997,132.54449499999998
2015-09-18,141.169998,141.300003,139.21000700000002,139.619995,129.456924
2015-09-21,140.5,141.080002,139.350006,140.03999299999998,129.846329
2015-09-22,138.270004,138.509995,137.25,138.020004,127.973396
2015-09-23,138.529999,138.899994,136.860001,137.66000400000001,127.63961
2015-09-24,136.630005,138.029999,135.389999,137.580002,127.56539199999999
2015-09-25,139.619995,140.119995,138.570007,139.559998,129.401291
2015-09-28,138.300003,139.699997,138.300003,138.380005,128.307159
2015-09-29,138.619995,142.16000400000001,138.429993,141.550003,131.246414
2015-09-30,142.520004,143.229996,140.5,141.770004,131.450439
2015-10-01,142.21000700000005,142.5,139.580002,140.800003,130.55101000000002
2015-10-02,139.080002,143.300003,138.570007,143.199997,132.776337
2015-10-05,144.300003,146.600006,143.630005,146.320007,135.66923500000001
2015-10-06,145.990005,146.639999,145.399994,145.78999299999995,135.17778
2015-10-07,146.740005,148.53999299999995,146.130005,147.53999299999995,136.8004
2015-10-08,146.649994,149.559998,146.58999599999999,149.479996,138.599182
2015-10-09,149.559998,150.649994,149.300003,149.899994,138.988632
2015-10-12,150.259995,150.559998,149.53999299999995,150.059998,139.13696299999998
2015-10-13,148.91000400000001,150.0,148.729996,149.110001,138.256149
2015-10-14,149.0,149.66000400000001,148.179993,148.320007,137.523605
2015-10-15,149.639999,149.880005,148.020004,149.190002,138.330307
2015-10-16,149.770004,149.779999,147.479996,148.699997,137.87596100000002
2015-10-19,147.970001,148.419998,147.229996,148.0,137.226913
2015-10-20,147.449997,149.669998,147.130005,149.110001,138.256149
2015-10-21,149.5,151.389999,148.899994,149.820007,138.914444
2015-10-22,151.33999599999999,157.03999299999995,150.649994,156.0,144.644592
2015-10-23,156.53999299999995,157.190002,154.5,155.78999299999995,144.44988999999995
2015-10-26,156.059998,156.759995,155.639999,156.53999299999995,145.145264
2015-10-27,156.0,157.0,155.080002,156.729996,145.321442
2015-10-28,156.490005,158.330002,156.199997,158.080002,146.573196
2015-10-29,157.75,157.91000400000001,156.880005,157.610001,146.137421
2015-10-30,157.800003,158.679993,157.21000700000005,157.21000700000005,145.766525
2015-11-02,157.509995,160.08999599999999,157.33999599999999,159.919998,148.279236
2015-11-03,159.479996,159.800003,158.669998,158.75,147.194412
2015-11-04,159.0,159.479996,158.610001,158.91000400000001,147.342758
2015-11-05,159.380005,159.580002,158.270004,158.990005,147.416962
2015-11-06,158.020004,159.259995,157.729996,159.259995,147.667297
2015-11-09,158.669998,158.669998,156.75,157.470001,146.007568
2015-11-10,157.229996,157.639999,156.429993,157.58999599999999,146.118851
2015-11-11,157.860001,159.490005,157.53999299999995,159.050003,147.47258
2015-11-12,157.779999,158.28999299999995,156.16000400000001,156.300003,144.922745
2015-11-13,156.0,156.919998,155.600006,155.649994,144.320084
2015-11-16,155.610001,158.259995,155.610001,158.21000700000005,146.693741
2015-11-17,158.360001,158.529999,156.520004,157.029999,145.599594
2015-11-18,156.179993,157.5,156.080002,157.389999,146.892227
2015-11-19,157.630005,158.509995,156.71000700000005,158.380005,147.816193
2015-11-20,158.679993,159.83999599999999,158.33999599999999,158.949997,148.348175
2015-11-23,158.899994,159.770004,158.16000400000001,158.649994,148.068207
2015-11-24,157.369995,158.33999599999999,156.889999,157.75,147.228241
2015-11-25,158.059998,158.470001,157.630005,157.630005,147.116226
2015-11-27,157.509995,158.490005,156.940002,157.990005,147.452194
2015-11-30,158.100006,158.470001,156.570007,156.580002,146.136276
2015-12-01,156.41000400000001,157.669998,156.169998,156.899994,146.434921
2015-12-02,156.880005,157.25,155.509995,155.699997,145.314957
2015-12-03,156.559998,156.899994,153.71000700000005,154.380005,144.083008
2015-12-04,154.78999299999995,158.389999,154.570007,158.220001,147.66687
2015-12-07,157.529999,158.0,156.809998,157.75,147.228241
2015-12-08,156.440002,157.860001,155.679993,156.78999299999995,146.33226000000005
2015-12-09,156.169998,158.240005,154.940002,156.050003,145.64158600000005
2015-12-10,155.729996,158.690002,155.58999599999999,157.520004,147.013565
2015-12-11,155.550003,156.399994,154.419998,154.830002,144.502975
2015-12-14,155.28999299999995,157.770004,154.33999599999999,157.630005,147.116226
2015-12-15,151.990005,153.020004,147.080002,148.130005,138.249893
2015-12-16,148.149994,150.53999299999995,147.740005,149.949997,139.94847099999998
2015-12-17,150.149994,150.860001,148.830002,148.850006,138.921844
2015-12-18,148.21000700000005,148.600006,146.759995,146.919998,137.12059
2015-12-21,147.580002,148.330002,146.690002,147.479996,137.643219
2015-12-22,148.119995,149.490005,147.279999,148.970001,139.033859
2015-12-23,149.690002,151.580002,149.520004,151.16000400000001,141.077789
2015-12-24,150.820007,151.800003,150.580002,151.190002,141.105774
2015-12-28,151.130005,151.770004,150.270004,151.220001,141.133759
2015-12-29,152.199997,153.259995,152.0,152.889999,142.692368
2015-12-30,152.78999299999995,153.699997,151.729996,151.91000400000001,141.777756
2015-12-31,151.729996,152.119995,150.630005,150.639999,140.592468
2016-01-04,148.050003,148.320007,145.399994,146.820007,137.027283
2016-01-05,146.820007,147.5,145.610001,147.46000700000005,137.624573
2016-01-06,145.58999599999999,145.759995,143.419998,144.490005,134.852661
2016-01-07,142.520004,143.130005,140.630005,140.970001,131.567429
2016-01-08,141.360001,142.5,140.220001,140.490005,131.119476
2016-01-11,140.970001,141.429993,139.41000400000001,140.46000700000002,131.091476
2016-01-12,141.360001,142.149994,139.130005,140.860001,131.464798
2016-01-13,140.889999,142.190002,138.53999299999998,138.720001,129.467514
2016-01-14,139.740005,142.440002,138.860001,141.179993,131.76341200000002
2016-01-15,138.300003,140.100006,137.21000700000002,138.690002,129.439514
2016-01-19,140.100006,140.800003,137.41000400000001,138.389999,129.1595
2016-01-20,136.949997,137.75,134.639999,136.96000700000002,127.82488300000001
2016-01-21,136.96000700000002,138.669998,136.149994,137.759995,128.57153300000002
2016-01-22,140.139999,140.429993,138.080002,139.520004,130.21414199999998
2016-01-25,138.96000700000002,139.369995,137.529999,137.570007,128.394241
2016-01-26,141.78999299999995,145.020004,140.330002,144.779999,135.123291
2016-01-27,144.949997,147.970001,144.050003,145.550003,135.84198
2016-01-28,146.16000400000001,147.83999599999999,145.220001,147.320007,137.493927
2016-01-29,148.240005,151.0,148.0,151.0,140.928482
2016-02-01,149.330002,149.78999299999995,148.100006,148.729996,138.809845
2016-02-02,147.58999599999999,148.279999,146.050003,147.869995,138.007202
2016-02-03,149.360001,152.850006,148.96000700000005,152.520004,142.347076
2016-02-04,152.419998,154.380005,151.779999,153.440002,143.205704
2016-02-05,153.199997,153.880005,151.820007,153.470001,143.233688
2016-02-08,151.630005,154.429993,151.009995,153.899994,143.63501000000005
2016-02-09,152.949997,155.759995,152.449997,154.740005,144.418991
2016-02-10,154.429993,155.490005,152.119995,152.449997,143.309753
2016-02-11,149.91000400000001,152.0,149.0,150.669998,141.636459
2016-02-12,150.669998,154.070007,150.669998,153.96000700000005,144.729233
2016-02-16,155.0,155.899994,154.259995,155.529999,146.205063
2016-02-17,156.0,157.130005,155.600006,156.619995,147.22972099999996
2016-02-18,156.350006,156.970001,155.970001,156.779999,147.38012700000004
2016-02-19,157.0,157.08999599999999,155.869995,156.449997,147.06991599999995
2016-02-22,156.449997,158.479996,156.449997,157.699997,148.24498
2016-02-23,157.630005,157.690002,155.169998,156.169998,146.806702
2016-02-24,154.83999599999999,157.619995,153.639999,157.220001,147.79376200000004
2016-02-25,157.53999299999995,159.0,157.009995,158.990005,149.457626
2016-02-26,159.149994,159.5,158.080002,158.270004,148.780807
2016-02-29,158.009995,159.119995,156.820007,156.869995,147.464737
2016-03-01,158.75,159.699997,157.610001,159.58999599999999,150.021637
2016-03-02,158.880005,159.880005,158.53999299999995,159.41000400000001,149.852432
2016-03-03,159.41000400000001,159.690002,158.509995,159.380005,149.824249
2016-03-04,159.46000700000005,160.28999299999995,158.919998,160.070007,150.47287
2016-03-07,159.979996,160.570007,158.169998,160.570007,150.942871
2016-03-08,159.399994,160.610001,159.350006,160.199997,150.595093
2016-03-09,160.5,160.779999,159.520004,160.08999599999999,150.491669
2016-03-10,160.770004,160.800003,158.279999,159.889999,150.30365
2016-03-11,161.139999,162.050003,160.649994,161.880005,152.174362
2016-03-14,161.610001,162.770004,161.0,161.809998,152.108551
2016-03-15,160.16000400000001,162.5,159.350006,162.41000400000001,152.672577
2016-03-16,161.96000700000005,163.300003,161.520004,162.889999,153.123795
2016-03-17,163.16000400000001,164.360001,162.83999599999999,163.75,153.932251
2016-03-18,164.149994,165.330002,163.899994,165.330002,155.417526
2016-03-21,165.050003,165.309998,164.41000400000001,164.83999599999999,154.95687900000001
2016-03-22,164.5,165.5,164.389999,164.91000400000001,155.022705
2016-03-23,164.600006,164.990005,163.46000700000005,164.270004,154.421051
2016-03-24,163.679993,164.53999299999995,163.050003,164.46000700000005,154.59967
2016-03-28,164.929993,166.649994,164.580002,166.279999,156.31054699999999
2016-03-29,164.929993,164.990005,163.119995,164.389999,154.533844
2016-03-30,165.369995,167.220001,165.16000400000001,166.75,156.752365
2016-03-31,166.75,167.5,166.5,166.630005,156.639587
2016-04-01,165.630005,167.740005,164.78999299999995,167.529999,157.485611
2016-04-04,167.110001,167.490005,165.919998,166.399994,156.42335500000004
2016-04-05,165.179993,166.550003,164.649994,165.809998,155.868698
2016-04-06,165.33999599999999,167.080002,164.83999599999999,166.809998,156.808762
2016-04-07,165.880005,167.229996,165.25,167.16000400000001,157.137787
2016-04-08,167.71000700000005,167.990005,166.100006,166.630005,156.639587
2016-04-11,167.119995,167.96000700000005,166.570007,166.58999599999999,156.60195900000005
2016-04-12,167.009995,168.399994,166.929993,168.029999,157.955627
2016-04-13,168.470001,168.899994,167.71000700000005,168.58999599999999,158.482056
2016-04-14,169.0,169.0,167.880005,168.16000400000001,158.07785
2016-04-15,168.320007,169.0,168.199997,168.779999,158.66066
2016-04-18,168.470001,169.869995,168.389999,169.550003,159.38450600000004
2016-04-19,169.919998,170.770004,169.070007,169.649994,159.478485
2016-04-20,170.139999,170.449997,168.619995,168.940002,158.81106599999995
2016-04-21,168.970001,169.699997,168.41000400000001,168.66000400000001,158.547867
2016-04-22,169.08999599999999,169.759995,167.850006,168.66000400000001,158.547867
2016-04-25,168.0,168.509995,166.639999,168.380005,158.28466799999995
2016-04-26,167.5,167.78999299999995,164.970001,166.179993,156.216553
2016-04-27,166.990005,168.380005,166.100006,167.759995,157.701797
2016-04-28,166.850006,168.770004,166.199997,167.0,156.987381
2016-04-29,166.979996,167.779999,166.5,167.380005,157.34462
2016-05-02,167.300003,168.5,166.940002,168.33999599999999,158.24705500000005
2016-05-03,167.389999,168.070007,166.66000400000001,167.970001,157.899216
2016-05-04,166.369995,167.699997,166.28999299999995,167.16000400000001,157.137787
2016-05-05,167.46000700000005,168.330002,167.190002,167.770004,157.711227
2016-05-06,167.83999599999999,169.050003,167.0,168.889999,158.764053
2016-05-09,168.58999599999999,169.050003,167.690002,168.520004,158.416245
2016-05-10,169.229996,170.389999,169.0,170.259995,160.051895
2016-05-11,170.199997,171.270004,169.570007,169.770004,159.591309
2016-05-12,169.860001,170.630005,168.759995,170.149994,159.94851699999995
2016-05-13,170.050003,170.380005,167.820007,168.320007,158.228226
2016-05-16,168.5,169.899994,168.429993,169.550003,159.38450600000004
2016-05-17,169.570007,169.940002,167.08999599999999,167.809998,157.74881000000005
2016-05-18,166.5,167.929993,165.759995,166.820007,157.862396
2016-05-19,165.369995,166.059998,163.169998,165.110001,156.244202
2016-05-20,165.25,166.470001,164.929993,165.009995,156.149551
2016-05-23,165.279999,166.559998,164.520004,166.110001,157.190475
2016-05-24,167.16000400000001,168.78999299999995,166.699997,168.630005,159.575195
2016-05-25,169.0,170.360001,168.75,169.990005,160.86213700000005
2016-05-26,170.009995,170.770004,168.529999,168.91000400000001,159.840134
2016-05-27,168.91000400000001,169.029999,168.279999,168.889999,159.821213
2016-05-31,169.320007,169.75,167.66000400000001,168.320007,159.281845
2016-06-01,167.779999,168.929993,167.08999599999999,168.690002,159.631973
2016-06-02,168.71000700000005,168.71000700000005,167.270004,168.03999299999995,159.016846
2016-06-03,168.050003,168.66000400000001,167.509995,168.380005,159.338608
2016-06-06,168.850006,170.58999599999999,168.58999599999999,170.080002,160.947311
2016-06-07,170.25,171.490005,170.220001,170.91000400000001,161.73275800000005
2016-06-08,170.949997,171.929993,170.649994,171.419998,162.21537800000004
2016-06-09,170.5,171.470001,169.399994,170.130005,160.994629
2016-06-10,169.270004,169.300003,167.880005,168.559998,159.508942
2016-06-13,168.449997,168.639999,167.110001,167.130005,158.15571599999996
2016-06-14,167.28999299999995,167.809998,166.600006,167.610001,158.60994
2016-06-15,167.949997,168.860001,167.470001,167.800003,158.789749
2016-06-16,167.350006,170.389999,166.619995,169.929993,160.805374
2016-06-17,169.990005,170.0,168.419998,168.940002,159.868546
2016-06-20,170.899994,172.800003,170.529999,171.229996,162.03556799999996
2016-06-21,171.179993,171.970001,171.059998,171.369995,162.168045
2016-06-22,171.830002,172.600006,170.990005,171.229996,162.03556799999996
2016-06-23,172.71000700000005,174.149994,172.46000700000005,174.110001,164.760956
2016-06-24,168.869995,171.53999299999995,168.399994,169.119995,160.038849
2016-06-27,167.779999,167.830002,165.16000400000001,167.190002,158.212509
2016-06-28,168.139999,169.669998,167.96000700000005,169.58999599999999,160.483643
2016-06-29,171.020004,171.850006,170.360001,171.520004,162.310013
2016-06-30,172.059998,175.139999,172.059998,175.119995,165.716675
2016-07-01,175.139999,176.080002,174.91000400000001,175.53999299999995,166.114136
2016-07-05,174.860001,175.779999,173.509995,175.630005,166.19931
2016-07-06,175.199997,175.470001,174.059998,175.16000400000001,165.75456200000005
2016-07-07,175.08999599999999,175.639999,174.130005,174.869995,165.480103
2016-07-08,175.869995,177.78999299999995,175.820007,177.119995,167.609299
2016-07-11,177.41000400000001,178.470001,177.190002,178.009995,168.451523
2016-07-12,178.75,179.630005,178.029999,179.16000400000001,169.539764
2016-07-13,179.220001,179.669998,178.690002,179.21000700000005,169.587097
2016-07-14,180.149994,181.320007,179.880005,180.899994,171.18634
2016-07-15,181.5,181.83999599999999,180.559998,181.399994,171.65947
2016-07-18,181.440002,181.699997,180.75,181.110001,171.38507099999995
2016-07-19,181.110001,181.649994,180.28999299999998,181.240005,171.508072
2016-07-20,181.729996,182.270004,181.320007,181.419998,171.678391
2016-07-21,181.28999299999998,181.559998,179.699997,180.259995,170.580658
2016-07-22,180.419998,180.529999,179.360001,180.440002,170.75100700000004
2016-07-25,180.199997,180.419998,178.919998,179.630005,169.984528
2016-07-26,177.169998,178.990005,176.139999,177.66000400000001,168.120316
2016-07-27,177.41000400000001,178.940002,177.41000400000001,178.270004,168.697556
2016-07-28,177.649994,178.369995,177.029999,177.979996,168.423126
2016-07-29,178.110001,178.820007,177.619995,178.360001,168.7827
2016-08-01,177.080002,178.53999299999995,177.080002,178.28999299999995,168.716476
2016-08-02,178.580002,178.619995,177.240005,178.360001,168.7827
2016-08-03,178.720001,179.130005,177.970001,178.380005,168.801636
2016-08-04,178.96000700000005,179.419998,177.639999,177.809998,168.262238
2016-08-05,178.25,179.009995,177.369995,178.570007,168.981445
2016-08-08,178.899994,179.020004,178.270004,178.580002,168.990906
2016-08-09,178.369995,178.899994,177.940002,178.389999,168.811081
2016-08-10,178.119995,178.850006,177.850006,178.820007,169.21803300000005
2016-08-11,179.080002,181.100006,178.880005,181.0,171.28096000000005
2016-08-12,181.470001,181.470001,179.899994,180.270004,170.590149
2016-08-15,181.0,181.389999,180.46000700000002,180.559998,170.864578
2016-08-16,180.119995,180.330002,179.21000700000005,179.25,169.624954
2016-08-17,178.669998,180.08999599999999,178.320007,179.869995,171.27221699999996
2016-08-18,179.699997,179.699997,178.580002,179.179993,170.615204
2016-08-19,178.66000400000001,179.779999,178.080002,179.610001,171.024643
2016-08-22,179.179993,179.58999599999999,178.369995,179.070007,170.510468
2016-08-23,179.610001,180.53999299999998,179.279999,179.770004,171.177032
2016-08-24,179.41000400000001,179.96000700000005,179.009995,179.41000400000001,170.834229
2016-08-25,179.08999599999999,180.320007,179.050003,179.580002,170.996094
2016-08-26,180.190002,181.25,178.919998,179.41000400000001,170.834229
2016-08-29,179.860001,180.699997,179.279999,180.5,171.87210100000001
2016-08-30,180.720001,181.020004,179.58999599999999,180.149994,171.538834
2016-08-31,179.490005,179.770004,178.580002,179.240005,170.672348
2016-09-01,179.309998,180.169998,178.800003,179.979996,171.37695300000001
2016-09-02,180.529999,181.490005,180.08999599999999,180.809998,172.167282
2016-09-06,180.559998,181.279999,179.880005,180.46000700000002,171.83403
2016-09-07,180.03999299999995,180.53999299999998,179.53999299999995,179.75,171.157959
2016-09-08,179.190002,180.21000700000002,178.940002,180.100006,171.491241
2016-09-09,178.889999,179.0,175.639999,175.639999,167.244415
2016-09-12,175.0,178.399994,174.690002,178.100006,169.586853
2016-09-13,176.830002,177.600006,175.949997,176.070007,167.653885
2016-09-14,175.96000700000005,177.350006,175.199997,175.619995,167.225372
2016-09-15,175.529999,177.0,175.360001,176.58999599999999,168.149002
2016-09-16,175.880005,175.949997,174.389999,175.059998,166.69215400000004
2016-09-19,176.050003,177.949997,176.050003,176.720001,168.272797
2016-09-20,177.71000700000005,178.5,177.330002,177.600006,169.110733
2016-09-21,177.880005,179.800003,177.5,179.58999599999999,171.0056
2016-09-22,179.830002,181.66000400000001,179.649994,179.850006,171.253204
2016-09-23,179.399994,179.699997,177.190002,177.389999,168.910767
2016-09-26,176.850006,176.91000400000001,175.800003,175.949997,167.539597
2016-09-27,175.610001,177.029999,175.580002,176.300003,167.872864
2016-09-28,176.779999,177.979996,176.690002,177.58999599999999,169.101212
2016-09-29,177.479996,177.630005,174.869995,175.369995,166.987335
2016-09-30,176.580002,177.149994,176.08999599999999,176.229996,167.806229
2016-10-03,175.330002,175.949997,174.399994,175.03999299999995,166.673096
2016-10-04,174.58999599999999,174.970001,171.199997,171.679993,163.473694
2016-10-05,171.66000400000001,172.559998,171.33999599999999,172.389999,164.14978
2016-10-06,171.929993,172.320007,170.600006,171.639999,163.435608
2016-10-07,171.899994,171.940002,170.03999299999995,171.330002,163.140457
2016-10-10,171.83999599999999,172.75,170.940002,171.139999,162.95953400000005
2016-10-11,170.240005,170.470001,168.690002,169.679993,161.569321
2016-10-12,169.600006,170.179993,168.889999,169.720001,161.607376
2016-10-13,168.869995,170.309998,168.46000700000005,170.020004,161.893066
2016-10-14,170.990005,171.389999,170.300003,170.330002,162.188232
2016-10-17,170.53999299999995,171.08999599999999,169.940002,170.21000700000005,162.073975
2016-10-18,171.679993,171.91000400000001,169.83999599999999,169.949997,161.826416
2016-10-19,170.800003,170.940002,169.66000400000001,169.91000400000001,161.78831499999995
2016-10-20,169.570007,170.33999599999999,168.990005,169.860001,161.740692
2016-10-21,168.110001,169.559998,167.720001,169.5,161.397919
2016-10-24,172.649994,173.440002,170.899994,171.270004,163.083328
2016-10-25,169.470001,169.889999,165.110001,166.229996,158.284225
2016-10-26,165.690002,167.78999299999995,165.41000400000001,166.509995,158.550827
2016-10-27,166.869995,166.949997,165.279999,165.759995,157.83667
2016-10-28,166.550003,167.179993,165.139999,165.770004,157.846207
2016-10-31,166.46000700000005,166.53999299999995,165.179993,165.300003,157.398682
2016-11-01,165.399994,165.809998,163.850006,164.25,156.39888
2016-11-02,164.699997,166.369995,163.91000400000001,165.729996,157.808121
2016-11-03,166.139999,167.639999,165.259995,166.830002,158.85553000000004
2016-11-04,167.21000700000005,167.850006,166.419998,166.479996,158.522278
2016-11-07,168.149994,169.889999,167.979996,169.740005,161.62648000000004
2016-11-08,169.899994,172.050003,169.779999,171.029999,162.854782
2016-11-09,165.83999599999999,171.0,165.83999599999999,170.389999,162.245377
2016-11-10,170.16000400000001,174.669998,169.78999299999995,174.279999,165.94941699999995
2016-11-11,174.050003,175.130005,173.729996,175.080002,166.71121200000005
2016-11-14,175.229996,175.509995,171.899994,172.91000400000001,164.644928
2016-11-15,173.16000400000001,174.25,171.91000400000001,174.240005,165.911346
2016-11-16,173.130005,173.229996,171.570007,172.009995,164.838043
2016-11-17,172.009995,173.25,172.009995,172.770004,165.566376
2016-11-18,172.509995,173.279999,172.28999299999995,172.96000700000005,165.748428
2016-11-21,171.419998,171.979996,170.720001,171.520004,164.368484
2016-11-22,171.669998,172.080002,171.279999,171.91000400000001,164.74221799999995
2016-11-23,172.080002,172.75,171.759995,172.25,165.068024
2016-11-25,172.21000700000005,173.990005,172.21000700000005,173.490005,166.25633200000001
2016-11-28,173.559998,173.770004,172.279999,172.5,165.307632
2016-11-29,172.53999299999995,173.28999299999995,172.149994,172.770004,165.566376
2016-11-30,172.199997,173.190002,171.58999599999999,171.740005,164.57931499999995
2016-12-01,171.639999,172.740005,171.449997,172.630005,165.432205
2016-12-02,172.529999,173.690002,172.240005,172.429993,165.24053999999995
2016-12-05,172.630005,172.949997,171.08999599999999,171.619995,164.46431
2016-12-06,171.820007,172.029999,171.229996,171.800003,164.63681
2016-12-07,172.380005,176.059998,171.970001,176.050003,168.709595
2016-12-08,176.080002,176.350006,174.770004,175.880005,168.546677
2016-12-09,175.360001,178.869995,175.300003,178.490005,171.047867
2016-12-12,178.25,179.809998,177.570007,179.639999,172.149902
2016-12-13,179.570007,180.059998,176.770004,178.830002,171.373688
2016-12-14,179.16000400000001,179.389999,176.41000400000001,176.600006,169.236664
2016-12-15,177.259995,177.580002,175.050003,176.020004,168.680847
2016-12-16,176.559998,178.5,176.550003,177.449997,170.051224
2016-12-19,177.610001,178.669998,177.320007,178.16000400000001,170.731644
2016-12-20,178.33999599999999,179.330002,178.059998,178.649994,171.201187
2016-12-21,178.600006,179.529999,178.419998,178.429993,170.990372
2016-12-22,178.889999,179.46000700000005,177.979996,179.199997,171.72825600000004
2016-12-23,179.08999599999999,179.28999299999995,178.529999,178.75,171.29701200000005
2016-12-27,178.66000400000001,179.199997,178.570007,178.919998,171.45993
2016-12-28,178.880005,179.449997,178.020004,178.080002,170.654968
2016-12-29,178.28999299999995,179.139999,178.029999,178.41000400000001,170.971207
2016-12-30,179.0,179.479996,178.28999299999995,178.570007,171.124512
2017-01-03,178.830002,180.0,177.220001,178.050003,170.626205
2017-01-04,178.029999,178.899994,177.610001,178.320007,170.884949
2017-01-05,178.259995,179.139999,176.889999,177.71000700000005,170.3004
2017-01-06,177.28999299999995,178.600006,175.800003,178.229996,170.798691
2017-01-09,178.369995,178.380005,177.199997,177.270004,169.878738
2017-01-10,177.360001,177.490005,176.309998,176.580002,169.217499
2017-01-11,176.630005,178.449997,176.389999,177.889999,170.47288500000005
2017-01-12,176.970001,177.699997,175.75,177.440002,170.041641
2017-01-13,177.580002,177.91000400000001,176.830002,177.389999,169.993729
2017-01-17,177.0,177.679993,176.25,177.259995,169.869125
2017-01-18,177.899994,179.440002,177.380005,178.490005,171.047867
2017-01-19,179.25,179.800003,177.759995,178.679993,171.229935
2017-01-20,179.199997,179.46000700000005,177.830002,178.490005,171.047867
2017-01-23,177.91000400000001,178.990005,177.130005,178.509995,171.067017
2017-01-24,177.5,177.759995,174.419998,175.970001,168.632919
2017-01-25,177.08999599999999,178.630005,176.570007,176.729996,169.361252
2017-01-26,176.309998,177.229996,176.03999299999995,176.820007,169.447495
2017-01-27,177.479996,177.979996,176.830002,177.479996,170.079956
2017-01-30,177.25,177.729996,174.869995,175.419998,168.105881
2017-01-31,174.740005,175.46000700000005,173.809998,174.820007,167.530869
2017-02-01,175.169998,175.800003,174.300003,175.169998,167.866272
2017-02-02,174.130005,174.779999,173.550003,174.179993,166.91755700000004
2017-02-03,174.020004,175.300003,173.850006,175.03999299999995,167.741714
2017-02-06,174.119995,176.199997,173.899994,175.100006,167.799225
2017-02-07,176.080002,176.399994,175.149994,175.759995,168.431671
2017-02-08,175.619995,177.600006,175.490005,177.070007,169.687088
2017-02-09,176.869995,178.550003,176.869995,178.179993,170.75076299999995
2017-02-10,178.300003,179.580002,178.190002,179.0,171.536591
2017-02-13,179.860001,181.380005,179.259995,181.020004,173.472382
2017-02-14,180.860001,182.0,180.649994,181.600006,174.028198
2017-02-15,180.300003,181.830002,180.149994,181.699997,175.257996
2017-02-16,181.75,183.46000700000002,181.619995,183.41000400000001,176.907364
2017-02-17,183.429993,183.600006,182.529999,182.949997,176.46363799999997
2017-02-21,182.78999299999998,183.619995,182.03999299999998,183.369995,176.868774
2017-02-22,183.399994,186.119995,183.080002,186.03999299999998,179.44409199999996
2017-02-23,185.91000400000001,187.46000700000002,185.71000700000002,187.190002,180.553329
2017-02-24,186.820007,188.41000400000001,186.300003,187.41000400000001,180.765549
2017-02-27,187.5,187.550003,186.380005,186.91000400000001,180.283279
2017-02-28,186.729996,187.5,186.309998,186.350006,179.743134
2017-03-01,188.080002,190.53999299999998,188.009995,189.860001,183.128677
2017-03-02,189.46000700000002,190.100006,189.029999,189.889999,183.157623
2017-03-03,189.889999,190.240005,188.53999299999998,189.309998,182.598175
2017-03-06,188.929993,189.240005,188.270004,188.899994,182.202698
2017-03-07,188.28999299999998,189.259995,188.25,189.08999599999999,182.38597099999998
2017-03-08,189.720001,190.21000700000002,188.970001,189.509995,182.791092
2017-03-09,189.25,190.389999,189.169998,189.899994,183.16726699999998
2017-03-10,190.639999,191.240005,190.029999,191.21000700000002,184.430832
2017-03-13,191.770004,191.96000700000002,190.46000700000002,191.520004,184.729843
2017-03-14,190.929993,191.440002,189.110001,190.330002,183.582031
2017-03-15,190.179993,191.860001,189.720001,191.199997,184.421188
2017-03-16,191.059998,191.639999,189.639999,190.309998,183.562714
2017-03-17,190.820007,192.360001,190.350006,192.360001,185.54003899999998
2017-03-20,192.520004,193.5,192.279999,193.009995,186.166992
2017-03-21,193.490005,193.490005,191.509995,192.130005,185.318222
2017-03-22,192.300003,192.880005,190.46000700000002,192.220001,185.405029
2017-03-23,192.119995,192.970001,191.229996,192.139999,185.32782
2017-03-24,192.119995,192.619995,190.899994,191.509995,184.720169
2017-03-27,190.699997,191.0,189.16000400000001,190.429993,183.678482
2017-03-28,189.940002,191.490005,189.600006,190.990005,184.21861299999998
2017-03-29,190.58999599999999,191.279999,190.259995,190.679993,183.919586
2017-03-30,190.740005,191.490005,190.100006,191.279999,184.49833700000002
2017-03-31,191.300003,192.399994,190.990005,191.330002,184.54657
2017-04-03,191.869995,192.169998,189.949997,190.720001,183.958191
2017-04-04,190.570007,190.979996,189.779999,190.190002,183.446976
2017-04-05,190.699997,192.419998,190.03999299999998,190.240005,183.49520900000002
2017-04-06,190.41000400000001,191.020004,189.5,189.889999,183.157623
2017-04-07,190.029999,190.559998,189.520004,189.990005,183.254074
2017-04-10,190.16000400000001,190.520004,189.309998,189.71000700000002,182.98400900000001
2017-04-11,189.130005,190.08999599999999,188.990005,190.070007,183.331253
2017-04-12,190.309998,190.490005,189.399994,189.699997,182.974335
2017-04-13,189.25,189.860001,188.619995,188.649994,181.96156299999998
2017-04-17,189.309998,190.360001,189.28999299999998,190.360001,183.610947
2017-04-18,189.759995,190.83999599999999,189.509995,190.220001,183.475906
2017-04-19,190.800003,191.130005,189.520004,189.830002,183.09973100000002
2017-04-20,190.020004,192.110001,189.899994,191.16000400000001,184.382599
2017-04-21,191.149994,191.619995,190.58999599999999,191.5,184.710526
2017-04-24,193.0,194.449997,192.929993,194.229996,187.343719
2017-04-25,193.990005,195.610001,192.360001,195.130005,188.21186799999998
2017-04-26,195.699997,196.899994,194.990005,195.0,188.08644099999998
2017-04-27,195.429993,196.53999299999998,195.110001,196.110001,189.15708899999998
2017-04-28,196.149994,197.119995,195.53999299999998,195.830002,188.887024
2017-05-01,195.5,195.729996,194.470001,194.809998,187.903168
2017-05-02,195.16000400000001,196.529999,194.580002,196.529999,189.56221000000002
2017-05-03,196.600006,197.869995,195.71000700000002,197.630005,190.623215
2017-05-04,198.300003,199.53999299999998,197.759995,199.509995,192.43653899999998
2017-05-05,199.669998,199.899994,198.979996,199.399994,192.330444
2017-05-08,198.83999599999999,199.149994,198.300003,198.649994,191.60703999999998
2017-05-09,199.360001,199.360001,197.529999,197.96000700000002,190.941513
2017-05-10,197.369995,197.58999599999999,196.529999,196.639999,189.668304
2017-05-11,196.03999299999998,196.940002,195.259995,196.75,189.77441399999998
2017-05-12,195.899994,197.119995,195.860001,196.570007,189.60076899999999
2017-05-15,196.669998,197.740005,196.229996,197.630005,190.623215
2017-05-16,197.479996,197.940002,196.860001,197.91000400000001,190.89328
2017-05-17,196.740005,196.740005,194.720001,194.83999599999999,189.05455
2017-05-18,194.5,195.820007,193.53999299999998,195.240005,189.44267299999998
2017-05-19,196.300003,196.300003,194.449997,195.800003,189.986023
2017-05-22,196.350006,198.669998,196.350006,198.509995,192.61557
2017-05-23,198.729996,198.970001,197.520004,197.729996,191.858719
2017-05-24,198.490005,198.529999,197.279999,197.490005,191.625854
2017-05-25,198.41000400000001,199.610001,197.75,199.53999299999998,193.614975
2017-05-26,199.139999,200.690002,198.970001,200.669998,194.711426
2017-05-30,200.309998,203.029999,199.96000700000002,202.440002,196.428879
2017-05-31,202.729996,204.470001,202.270004,204.470001,198.39858999999998
2017-06-01,204.25,204.899994,203.679993,204.350006,198.282166
2017-06-02,205.059998,207.389999,204.78999299999998,206.699997,200.562378
2017-06-05,206.770004,207.330002,206.220001,206.220001,200.09664899999999
2017-06-06,206.009995,206.66000400000001,205.41000400000001,205.41000400000001,199.310684
2017-06-07,205.729996,205.869995,204.100006,205.009995,198.922577
2017-06-08,205.009995,206.029999,204.08999599999999,205.940002,199.824951
2017-06-09,206.0,206.970001,205.639999,206.929993,200.785553
2017-06-12,206.929993,208.419998,205.5,207.389999,201.231888
2017-06-13,207.580002,209.669998,207.559998,209.110001,202.900833
2017-06-14,209.77999900000003,210.789993,209.529999,210.00999500000003,203.774078
2017-06-15,209.5,211.32000699999998,209.440002,211.289993,205.016083
2017-06-16,211.729996,213.460007,211.440002,213.24000499999997,206.90820300000001
2017-06-19,214.0,214.0,212.69999700000002,213.36000099999998,207.024628
2017-06-20,213.44999700000002,214.57000699999998,213.05000299999998,213.36000099999998,207.024628
2017-06-21,214.020004,214.020004,212.08999599999999,212.86000099999998,206.539474
2017-06-22,212.729996,213.11999500000002,212.08999599999999,212.22000099999997,205.91845700000002
2017-06-23,212.0,213.169998,211.710007,212.899994,206.578278
2017-06-26,212.789993,213.47000099999997,212.309998,212.61000099999998,206.29689
2017-06-27,212.0,212.5,209.380005,209.77999900000003,203.550919
2017-06-28,210.77999900000003,211.17999300000002,210.08999599999999,210.61999500000002,204.365997
2017-06-29,211.05000299999998,211.05000299999998,207.080002,207.850006,201.678238
2017-06-30,209.91000400000001,209.91000400000001,207.850006,208.190002,202.008148
2017-07-03,209.139999,210.33999599999999,208.75,209.830002,203.59944199999998
2017-07-05,210.0,210.24000499999997,209.41000400000001,209.75999500000003,203.531509
2017-07-06,209.050003,209.72000099999997,207.889999,208.020004,201.843185
2017-07-07,208.5,210.149994,208.050003,209.58999599999999,203.36656200000002
2017-07-10,209.600006,211.74000499999997,208.990005,210.49000499999997,204.239853
2017-07-11,210.41000400000001,211.19999700000002,208.0,209.66000400000001,203.434479
2017-07-12,210.91000400000001,212.77999900000003,210.270004,211.30000299999998,205.025787
2017-07-13,211.19999700000002,212.0,210.17999300000002,211.08999599999999,204.82203700000002
2017-07-14,211.520004,212.24000499999997,210.63000499999998,211.770004,205.481842
2017-07-17,212.19999700000002,212.19999700000002,210.58999599999999,211.67999300000002,205.394485
2017-07-18,210.67999300000002,211.520004,210.30000299999998,211.309998,205.035492
2017-07-19,211.50999500000003,212.11000099999998,211.169998,212.100006,205.80204799999998
2017-07-20,212.210007,213.41000400000001,212.059998,212.44999700000002,206.14163200000002
2017-07-21,211.649994,211.83999599999999,209.479996,211.16000400000001,204.88995400000002
2017-07-24,211.19999700000002,211.66000400000001,210.0,210.0,203.764389
2017-07-25,202.649994,204.5,197.169998,199.389999,193.469437
2017-07-26,200.449997,201.149994,198.550003,199.029999,193.120148
2017-07-27,199.139999,200.559998,197.669998,200.050003,194.109833
2017-07-28,200.78999299999998,201.03999299999998,198.690002,199.720001,193.789642
2017-07-31,200.0,201.66000400000001,199.809998,201.169998,195.196579
2017-08-01,202.28999299999998,203.309998,201.759995,203.179993,197.146896
2017-08-02,203.190002,205.600006,202.820007,205.41000400000001,199.310684
2017-08-03,205.91000400000001,207.639999,205.119995,207.619995,201.455048
2017-08-04,207.949997,208.610001,206.110001,207.649994,201.484161
2017-08-07,207.899994,208.399994,206.679993,207.440002,201.28041100000002
2017-08-08,206.830002,207.889999,205.690002,206.429993,200.3004
2017-08-09,206.690002,207.91000400000001,205.58999599999999,206.479996,200.34892299999998
2017-08-10,205.619995,207.16000400000001,205.179993,206.229996,200.106323
2017-08-11,206.850006,206.850006,205.630005,205.979996,199.86373899999998
2017-08-14,206.66000400000001,207.630005,206.070007,207.369995,201.21246299999999
2017-08-15,207.0,207.83999599999999,206.509995,207.179993,201.028107
2017-08-16,207.21000700000002,208.630005,206.619995,207.919998,201.74615500000002
2017-08-17,207.78999299999998,208.119995,205.279999,205.350006,199.25247199999998
2017-08-18,205.350006,205.630005,203.449997,203.529999,197.486511
2017-08-21,203.800003,204.899994,203.009995,204.550003,198.476212
2017-08-22,205.199997,205.860001,204.630005,205.46000700000002,199.359207
2017-08-23,204.050003,204.100006,202.320007,202.669998,197.78315700000002
2017-08-24,203.889999,203.889999,201.96000700000002,202.119995,197.246399
2017-08-25,203.440002,203.449997,202.050003,202.130005,197.25618
2017-08-28,202.779999,203.270004,201.850006,202.46000700000002,197.578201
2017-08-29,202.199997,203.080002,201.330002,202.919998,198.02711499999998
2017-08-30,202.919998,203.690002,202.0,203.690002,198.778549
2017-08-31,204.320007,204.619995,203.020004,204.320007,199.393372
2017-09-01,204.610001,204.91000400000001,203.229996,203.559998,198.651672
2017-09-05,202.25,202.529999,200.509995,200.979996,196.133881
2017-09-06,201.75,202.25,201.240005,202.050003,197.178101
2017-09-07,201.470001,204.71000700000002,201.470001,204.46000700000002,199.529999
2017-09-08,204.350006,206.119995,203.16000400000001,205.690002,200.730331
2017-09-11,206.46000700000002,209.77999900000003,206.08999599999999,209.559998,204.507004
2017-09-12,209.91000400000001,210.960007,209.259995,209.639999,204.585083
2017-09-13,209.119995,210.289993,208.570007,209.490005,204.438705
2017-09-14,209.149994,211.91000400000001,208.740005,211.42999300000002,206.331924
2017-09-15,212.58999599999999,214.11999500000002,210.66000400000001,213.350006,208.205627
2017-09-18,214.0,214.039993,212.57000699999998,213.75999500000003,208.605728
2017-09-19,214.229996,214.649994,212.850006,213.559998,208.41056799999998
2017-09-20,211.770004,212.600006,208.309998,210.50999500000003,205.434097
2017-09-21,210.899994,211.61999500000002,210.24000499999997,210.440002,205.36578400000002
2017-09-22,209.639999,211.30000299999998,209.279999,210.75999500000003,205.67807
2017-09-25,210.979996,211.22000099999997,209.369995,210.729996,205.648804
2017-09-26,211.25999500000003,212.830002,210.92999300000002,211.02999900000003,205.941559
2017-09-27,211.08999599999999,211.38000499999998,208.16000400000001,209.479996,204.42893999999998
2017-09-28,208.300003,209.88000499999998,208.25,209.550003,204.497253
2017-09-29,209.059998,209.899994,208.729996,209.899994,204.838806
2017-10-02,210.729996,212.789993,210.02999900000003,212.75999500000003,207.629837
2017-10-03,212.61999500000002,214.600006,211.38000499999998,214.57000699999998,209.396194
2017-10-04,214.850006,216.940002,214.5,216.520004,211.299179
2017-10-05,216.49000499999997,217.61000099999998,215.899994,216.36999500000002,211.152802
2017-10-06,216.0,216.539993,215.270004,216.520004,211.299179
2017-10-09,215.960007,217.210007,215.690002,216.67999300000002,211.45530699999998
2017-10-10,217.38000499999998,217.600006,216.55000299999998,216.75,211.52363599999998
2017-10-11,216.75,216.86000099999998,214.66000400000001,216.50999500000003,211.289429
2017-10-12,216.600006,217.63999900000002,216.289993,217.58999599999999,212.343369
2017-10-13,218.830002,219.75999500000003,216.80000299999998,217.72000099999997,212.470245
2017-10-16,217.69999700000002,218.729996,217.19999700000002,218.72000099999997,213.446136
2017-10-17,218.49000499999997,218.72000099999997,216.47000099999997,217.75,212.499512
2017-10-18,217.520004,218.63999900000002,217.36999500000002,218.270004,213.007004
2017-10-19,218.49000499999997,219.25,217.47000099999997,219.24000499999997,213.953598
2017-10-20,219.94999700000002,221.32000699999998,219.190002,221.32000699999998,215.98345899999998
2017-10-23,221.75999500000003,222.77999900000003,221.19999700000002,221.55000299999998,216.20790099999996
2017-10-24,229.0,238.899994,228.99000499999997,234.649994,228.99202000000002
2017-10-25,235.00999500000003,237.940002,233.940002,237.67999300000002,231.94895899999997
2017-10-26,238.25999500000003,238.80000299999998,232.309998,232.940002,227.32325699999998
2017-10-27,234.229996,234.94999700000002,232.55000299999998,234.74000499999997,229.07986499999998
2017-10-30,233.66000400000001,233.66000400000001,230.63999900000002,231.020004,225.44957000000002
2017-10-31,231.38000499999998,231.600006,229.809998,230.190002,224.639557
2017-11-01,231.0,231.75999500000003,229.11000099999998,230.17999300000002,224.62980699999997
2017-11-02,230.24000499999997,232.80000299999998,229.55000299999998,232.229996,226.630386
2017-11-03,231.559998,232.580002,230.919998,232.22000099999997,226.620621
2017-11-06,232.22000099999997,232.63000499999998,230.149994,230.309998,224.75666800000002
2017-11-07,230.38000499999998,230.770004,229.13999900000002,230.05000299999998,224.502945
2017-11-08,229.83999599999999,230.649994,229.38000499999998,229.830002,224.288239
2017-11-09,228.539993,229.399994,227.05000299999998,228.38999900000002,222.88296499999998
2017-11-10,227.47000099999997,228.440002,226.16000400000001,227.44999700000002,221.96562200000002
2017-11-13,226.729996,228.42999300000002,226.25999500000003,228.22000099999997,222.71707200000003
2017-11-14,228.13999900000002,229.960007,226.75,229.330002,223.800308
2017-11-15,228.07000699999998,228.50999500000003,226.039993,227.399994,221.91683999999998
2017-11-16,227.789993,229.99000499999997,227.789993,229.419998,223.888138
2017-11-17,228.42999300000002,229.919998,227.74000499999997,229.36000099999998,223.829575
2017-11-20,229.899994,233.58999599999999,229.55000299999998,231.49000499999997,225.908218
2017-11-21,232.210007,235.710007,232.210007,234.08999599999999,228.44551099999998
2017-11-22,233.059998,233.86000099999998,231.399994,231.580002,227.136154
2017-11-24,232.02999900000003,232.039993,230.809998,231.38000499999998,226.939987
2017-11-27,231.75,234.52999900000003,231.13000499999998,234.0,229.50970499999997
2017-11-28,234.11999500000002,235.940002,233.38000499999998,235.63000499999998,231.108414
2017-11-29,236.05000299999998,238.190002,235.63999900000002,238.00999500000003,233.44274900000002
2017-11-30,238.86000099999998,243.44999700000002,237.690002,243.13999900000002,238.47430400000002
2017-12-01,243.190002,243.63000499999998,239.149994,241.149994,236.522507
2017-12-04,243.05000299999998,244.229996,238.50999500000003,239.25999500000003,234.668777
2017-12-05,240.22000099999997,240.25999500000003,237.86000099999998,238.25999500000003,233.687958
2017-12-06,240.330002,241.080002,236.97000099999997,238.669998,234.09008799999998
2017-12-07,238.44999700000002,241.289993,237.92999300000002,240.30000299999998,235.688812
2017-12-08,240.0,241.00999500000003,237.49000499999997,238.13000499999998,233.560455
2017-12-11,239.190002,240.210007,237.86000099999998,239.30000299999998,234.708008
2017-12-12,236.580002,241.67999300000002,236.11999500000002,236.580002,232.04020699999998
2017-12-13,236.91000400000001,239.58999599999999,236.63000499999998,239.11000099999998,234.521652
2017-12-14,240.32000699999998,240.80000299999998,237.809998,238.080002,233.51139799999999
2017-12-15,239.190002,239.67999300000002,237.649994,238.0,233.43295299999997
2017-12-18,238.580002,240.00999500000003,237.149994,238.419998,233.84489399999998
2017-12-19,239.47000099999997,239.74000499999997,236.899994,238.38999900000002,233.81546
2017-12-20,238.19999700000002,238.47000099999997,236.49000499999997,236.919998,232.37367200000003
2017-12-21,236.0,237.25,234.41000400000001,234.77999900000003,230.274734
2017-12-22,235.36000099999998,236.080002,234.27999900000003,234.729996,230.225693
2017-12-26,235.080002,236.27999900000003,235.02999900000003,235.44999700000002,230.93188500000002
2017-12-27,235.520004,236.539993,234.83999599999999,236.19999700000002,231.667496
2017-12-28,236.940002,237.080002,235.27999900000003,235.72000099999997,231.196701
2017-12-29,236.479996,237.309998,235.36999500000002,235.36999500000002,230.85342400000002
2018-01-02,235.77999900000003,237.07000699999998,232.809998,235.63999900000002,231.11824
2018-01-03,235.07000699999998,235.729996,233.289993,235.63000499999998,231.108414
2018-01-04,237.0,239.440002,236.47000099999997,238.710007,234.129333
2018-01-05,238.649994,240.899994,237.74000499999997,240.57000699999998,235.953644
2018-01-08,239.38000499999998,240.940002,239.17999300000002,239.789993,235.188599
2018-01-09,239.600006,241.77999900000003,239.33999599999999,241.27999900000003,236.65000899999998
2018-01-10,241.0,242.57000699999998,240.02999900000003,241.13999900000002,236.512695
2018-01-11,240.74000499999997,242.33999599999999,239.75,242.309998,237.660248
2018-01-12,243.07000699999998,246.0,242.5,244.47000099999997,239.778793
2018-01-16,245.30000299999998,247.190002,243.830002,244.74000499999997,240.043625
2018-01-17,246.850006,248.52999900000003,245.80000299999998,248.11000099999998,243.34895299999997
2018-01-18,248.13000499999998,249.0,244.919998,245.91000400000001,241.19116200000002
2018-01-19,246.63000499999998,248.5,245.600006,248.17999300000002,243.417587
2018-01-22,247.13000499999998,247.88999900000002,245.080002,247.30000299999998,242.55448900000002
2018-01-23,246.91000400000001,247.25999500000003,245.11999500000002,246.309998,241.583481
2018-01-24,247.99000499999997,248.539993,246.25,247.690002,242.937012
2018-01-25,250.0,254.80000299999998,247.100006,252.36000099999998,247.51739500000002
2018-01-26,253.42999300000002,259.769989,253.38999900000002,258.630005,253.66706800000003
2018-01-29,258.51001,259.339996,255.97000099999997,256.01001,251.09736600000002
2018-01-30,255.600006,255.690002,251.41000400000001,251.539993,246.71312000000003
2018-01-31,251.49000499999997,253.13000499999998,249.600006,250.5,245.693085
2018-02-01,247.440002,250.08999599999999,246.17999300000002,247.940002,243.18222000000003
2018-02-02,246.42999300000002,248.75,244.88000499999998,245.169998,240.465363
2018-02-05,243.5,244.399994,226.00999500000003,231.440002,226.998825
2018-02-06,227.50999500000003,234.57000699999998,226.809998,233.63000499999998,229.14682000000002
2018-02-07,233.190002,237.520004,232.82000699999998,233.190002,228.715256
2018-02-08,233.16000400000001,233.309998,222.649994,222.88999900000002,218.6129
2018-02-09,224.61000099999998,226.960007,218.17999300000002,225.210007,220.88838199999998
2018-02-12,227.49000499999997,230.38000499999998,226.100006,229.190002,224.792023
2018-02-13,229.710007,231.97000099999997,228.92999300000002,231.36000099999998,226.92038
2018-02-14,229.44999700000002,232.86999500000002,228.47000099999997,232.0,227.54807999999997
2018-02-15,233.309998,234.899994,230.88000499999998,234.86999500000002,231.721375
2018-02-16,234.97000099999997,238.440002,233.38999900000002,236.669998,233.49725299999997
2018-02-20,234.539993,236.669998,233.91000400000001,235.07000699999998,231.91870099999997
2018-02-21,234.710007,237.86000099999998,232.100006,232.17999300000002,229.067429
2018-02-22,232.42999300000002,237.36999500000002,232.25999500000003,236.0,232.836227
2018-02-23,236.850006,237.88999900000002,234.38999900000002,237.020004,233.84256000000002
2018-02-26,239.00999500000003,244.86000099999998,238.50999500000003,244.13999900000002,240.867096
2018-02-27,244.61000099999998,244.669998,240.72000099999997,240.77999900000003,237.552139
2018-02-28,241.63999900000002,242.27999900000003,235.399994,235.50999500000003,232.352798
2018-03-01,236.149994,236.830002,229.52999900000003,231.33999599999999,228.238693
2018-03-02,229.75,231.270004,226.330002,230.36999500000002,227.281708
2018-03-05,230.0,233.710007,228.52999900000003,232.809998,229.688995
2018-03-06,234.05000299999998,235.919998,230.80000299999998,233.66000400000001,230.52760299999997
2018-03-07,231.22000099999997,236.22000099999997,230.58999599999999,235.57000699999998,232.41200299999997
2018-03-08,236.350006,237.690002,234.11999500000002,236.33999599999999,233.171677
2018-03-09,238.0,241.36999500000002,236.169998,241.350006,238.114517
2018-03-12,242.100006,243.100006,239.30000299999998,239.80000299999998,236.58529700000003
2018-03-13,240.899994,242.97000099999997,236.88999900000002,237.57000699999998,234.38519300000002
2018-03-14,238.80000299999998,239.32000699999998,233.850006,234.289993,231.14913900000002
2018-03-15,235.22000099999997,238.080002,234.19999700000002,235.86999500000002,232.707977
2018-03-16,235.669998,238.169998,235.669998,237.22000099999997,234.039886
2018-03-19,236.00999500000003,236.330002,230.25999500000003,231.559998,228.45573399999998
2018-03-20,232.11999500000002,234.38999900000002,231.580002,232.44999700000002,229.33381699999998
2018-03-21,233.0,237.22000099999997,232.309998,234.13999900000002,231.001175
2018-03-22,232.039993,232.11999500000002,222.80000299999998,223.169998,220.178223
2018-03-23,223.5,224.270004,215.270004,215.36000099999998,212.47291600000003
2018-03-26,217.86000099999998,220.80000299999998,215.17999300000002,220.24000499999997,217.287506
2018-03-27,221.020004,221.86000099999998,214.729996,215.86999500000002,212.976089
2018-03-28,217.229996,219.66000400000001,214.91000400000001,216.539993,213.637085
2018-03-29,217.789993,221.38000499999998,217.460007,219.520004,216.577164
2018-04-02,218.05000299999998,218.72000099999997,209.470001,212.61999500000002,209.76965299999998
2018-04-03,213.0,216.460007,210.92999300000002,216.330002,213.42991600000002
2018-04-04,212.38999900000002,217.919998,211.11999500000002,217.559998,214.643417
2018-04-05,218.63999900000002,220.309998,216.559998,218.669998,215.73855600000002
2018-04-06,217.399994,218.850006,211.0,212.25,209.404617
2018-04-09,213.75,216.86000099999998,212.399994,212.809998,209.957108
2018-04-10,215.32000699999998,218.710007,215.229996,216.979996,214.071198
2018-04-11,214.19999700000002,215.88999900000002,213.5,214.330002,211.45674100000002
2018-04-12,215.72000099999997,217.67999300000002,215.00999500000003,216.419998,213.518723
2018-04-13,218.08999599999999,218.67999300000002,214.460007,215.520004,212.630798
2018-04-16,217.19999700000002,219.270004,216.58999599999999,217.69999700000002,214.78155499999997
2018-04-17,219.149994,221.690002,218.74000499999997,220.08999599999999,217.139511
2018-04-18,220.38999900000002,221.00999500000003,219.16000400000001,219.520004,216.577164
2018-04-19,218.039993,219.30000299999998,217.02999900000003,218.850006,215.916138
2018-04-20,218.41000400000001,220.27999900000003,216.74000499999997,217.75,214.83087200000003
2018-04-23,218.020004,218.729996,214.75,215.88000499999998,212.985947
2018-04-24,206.5,206.5,196.889999,201.130005,198.433701
2018-04-25,201.100006,201.75,197.009995,198.83999599999999,196.17439299999998
2018-04-26,198.679993,199.630005,196.169998,197.08999599999999,194.44783
2018-04-27,196.770004,197.110001,194.399994,196.119995,193.490845
2018-04-30,196.96000700000002,198.33999599999999,194.179993,194.389999,191.784042
2018-05-01,194.029999,195.53999299999998,191.440002,195.020004,192.405609
2018-05-02,195.149994,196.41000400000001,194.020004,194.5,191.89257800000001
2018-05-03,194.520004,196.699997,192.350006,195.679993,193.056747
2018-05-04,195.070007,199.929993,194.059998,199.360001,196.687424
2018-05-07,200.059998,201.0,199.580002,200.259995,197.575348
2018-05-08,200.0,202.110001,199.559998,201.740005,199.035507
2018-05-09,202.029999,204.729996,201.369995,203.419998,200.692978
2018-05-10,202.610001,205.679993,202.389999,205.029999,202.281403
2018-05-11,204.740005,205.369995,203.66000400000001,205.16000400000001,202.40966799999998
2018-05-14,205.669998,206.03999299999998,204.669998,205.759995,203.00161699999998
2018-05-15,204.96000700000002,205.570007,201.639999,202.41000400000001,199.69653300000002
2018-05-16,200.520004,201.03999299999998,199.050003,200.21000700000002,197.52603100000002
2018-05-17,199.270004,201.399994,198.690002,200.360001,199.02597
2018-05-18,200.279999,200.759995,198.449997,198.96000700000002,197.635284
2018-05-21,200.5,202.929993,200.0,201.759995,200.416641
2018-05-22,201.96000700000002,202.110001,198.729996,198.970001,197.645218
2018-05-23,197.740005,198.800003,196.559998,198.669998,197.34721399999998
2018-05-24,198.830002,200.179993,196.929993,199.41000400000001,198.082291
2018-05-25,198.330002,199.41000400000001,197.929993,199.029999,197.704819
2018-05-29,198.0,198.509995,195.100006,195.740005,194.43673700000002
2018-05-30,197.08999599999999,199.380005,196.699997,198.679993,197.357147
2018-05-31,198.110001,198.449997,196.259995,197.229996,195.91679399999998
2018-06-01,198.75,200.419998,198.279999,199.58999599999999,198.261093
2018-06-04,200.729996,201.690002,200.070007,201.059998,199.721298
2018-06-05,201.080002,202.100006,200.889999,201.199997,199.860367
2018-06-06,201.83999599999999,204.050003,201.550003,203.860001,202.502655
2018-06-07,204.179993,205.889999,203.759995,205.070007,203.70460500000002
2018-06-08,204.979996,206.75,204.41000400000001,206.58999599999999,205.214478
2018-06-11,206.58999599999999,206.78999299999998,205.0,205.119995,203.754272
2018-06-12,205.669998,205.949997,203.949997,204.919998,203.555603
2018-06-13,205.139999,205.66000400000001,203.729996,204.889999,203.525803
2018-06-14,205.759995,206.270004,203.5,203.630005,202.2742
2018-06-15,202.550003,205.059998,200.110001,204.970001,203.60527
2018-06-18,202.529999,204.570007,200.25,204.169998,202.81059299999998
2018-06-19,201.259995,201.830002,198.330002,199.389999,198.062424
2018-06-20,199.33999599999999,200.0,197.259995,198.080002,196.761139
2018-06-21,197.83999599999999,197.83999599999999,194.58999599999999,195.520004,194.218201
2018-06-22,197.389999,197.440002,195.179993,196.5,195.191666
2018-06-25,195.979996,196.330002,193.639999,195.800003,194.496323
2018-06-26,196.83999599999999,197.949997,195.979996,196.580002,195.27113300000002
2018-06-27,196.570007,199.899994,194.759995,194.919998,193.622177
2018-06-28,195.5,196.850006,194.21000700000002,195.970001,194.665192
2018-06-29,196.470001,199.419998,196.46000700000002,196.720001,195.410202
2018-07-02,195.46000700000002,195.889999,193.509995,195.520004,194.218201
2018-07-03,196.490005,198.949997,195.5,195.830002,194.52612299999998
2018-07-05,197.070007,197.479996,195.029999,197.33999599999999,196.02606200000002
2018-07-06,197.08999599999999,198.059998,196.389999,197.46000700000002,196.14527900000002
2018-07-09,198.139999,200.83999599999999,198.070007,200.529999,199.194824
2018-07-10,201.0,202.580002,200.389999,201.479996,200.138504
2018-07-11,199.820007,199.820007,197.490005,197.679993,196.3638
2018-07-12,199.169998,200.0,197.399994,199.320007,197.992889
2018-07-13,200.270004,201.78999299999998,200.0,201.179993,199.8405
2018-07-16,201.550003,201.580002,200.080002,201.110001,199.770966
2018-07-17,200.990005,203.070007,200.130005,202.070007,200.724579
2018-07-18,202.220001,203.169998,201.350006,202.199997,200.853714
2018-07-19,201.759995,202.28999299999998,199.509995,201.600006,200.257721
2018-07-20,199.330002,202.949997,198.25,201.949997,200.605377
2018-07-23,201.53999299999998,201.53999299999998,197.679993,198.83999599999999,197.516083
2018-07-24,192.940002,202.190002,190.570007,200.679993,199.343826
2018-07-25,200.630005,204.490005,200.520004,204.380005,203.019196
2018-07-26,204.889999,208.440002,204.649994,207.96000700000002,206.57536299999998
2018-07-27,208.679993,210.600006,206.850006,207.419998,206.038956
2018-07-30,208.25,209.25,204.759995,205.119995,203.754272
2018-07-31,207.229996,212.77999900000003,206.5,212.32000699999998,210.906342
2018-08-01,210.979996,211.059998,206.869995,207.050003,205.671417
2018-08-02,205.949997,205.990005,203.850006,205.529999,204.161545
2018-08-03,205.919998,207.580002,205.199997,207.28999299999998,205.909821
2018-08-06,207.449997,207.46000700000002,205.240005,206.699997,205.323746
2018-08-07,208.009995,209.610001,207.369995,208.570007,207.181305
2018-08-08,208.490005,209.03999299999998,206.770004,207.139999,205.760818
2018-08-09,207.139999,207.970001,204.490005,204.779999,203.416534
2018-08-10,203.809998,204.130005,201.0,201.96000700000002,200.61531100000002
2018-08-13,202.020004,202.78999299999998,199.5,199.83999599999999,198.50943
2018-08-14,199.779999,201.080002,199.41000400000001,200.520004,199.184906
2018-08-15,199.25,201.759995,197.110001,201.389999,200.049103
2018-08-16,202.020004,203.429993,201.820007,203.149994,201.797379
2018-08-17,203.279999,204.990005,201.889999,204.770004,203.406601
2018-08-20,205.720001,205.800003,203.66000400000001,204.600006,203.237732
2018-08-21,205.0,206.03999299999998,204.389999,205.690002,204.32048
2018-08-22,205.770004,205.770004,203.399994,204.259995,202.899994
2018-08-23,203.0,203.149994,201.46000700000002,202.75,202.75
2018-08-24,203.279999,205.490005,203.070007,205.28999299999998,205.28999299999998
2018-08-27,206.179993,208.5,205.850006,208.330002,208.330002
2018-08-28,208.970001,210.11999500000002,208.479996,209.429993,209.429993
2018-08-29,209.169998,210.97000099999997,208.509995,210.460007,210.460007
2018-08-30,209.71000700000002,211.08999599999999,209.229996,210.22000099999997,210.22000099999997
2018-08-31,209.570007,211.72000099999997,209.440002,210.919998,210.919998
2018-09-04,210.55000299999998,210.75,207.550003,208.600006,208.600006
2018-09-05,208.28999299999998,211.91000400000001,207.350006,211.830002,211.830002
2018-09-06,212.0,213.36999500000002,211.07000699999998,212.74000499999997,212.74000499999997
2018-09-07,212.24000499999997,212.97000099999997,209.97000099999997,212.57000699999998,212.57000699999998
2018-09-10,213.67999300000002,216.36999500000002,212.86000099999998,212.92999300000002,212.92999300000002
2018-09-11,211.36000099999998,212.22000099999997,210.0,211.77999900000003,211.77999900000003
2018-09-12,212.30000299999998,214.75999500000003,205.899994,206.71000700000002,206.71000700000002
2018-09-13,207.33999599999999,209.139999,206.550003,209.050003,209.050003
2018-09-14,208.83999599999999,210.30000299999998,207.149994,207.880005,207.880005
2018-09-17,207.46000700000002,210.190002,207.300003,209.529999,209.529999
2018-09-18,210.24000499999997,211.830002,208.429993,211.52999900000003,211.52999900000003
2018-09-19,211.770004,214.13999900000002,211.63000499999998,213.11999500000002,213.11999500000002
2018-09-20,214.69999700000002,217.0,213.25999500000003,215.270004,215.270004
